subject,Trial,Degree,Picturetype,numfix,headfix,bodyfix,accuracy
102,1,0,1,0,0,0,1
102,2,315,2,1,0,0,1
102,3,270,2,0,0,0,0
102,4,315,1,0,0,2,1
102,5,270,1,3,0,0,1
102,6,0,1,0,0,0,1
102,7,90,3,0,0,0,1
102,8,315,1,5,0,0,1
102,9,180,1,0,0,0,1
102,10,270,3,0,0,0,1
102,11,45,3,0,0,6,1
102,12,315,3,19,0,0,1
102,13,135,1,0,0,0,1
102,14,180,2,0,0,0,1
102,15,0,2,0,0,0,1
102,16,135,2,0,0,0,1
102,17,90,1,0,2,3,1
102,18,270,3,0,0,0,1
102,19,225,1,0,0,0,1
102,20,225,2,9,0,0,1
102,21,45,3,0,0,0,1
102,22,0,2,0,0,0,1
102,23,225,3,0,0,0,1
102,24,135,1,0,0,0,1
102,25,135,2,0,0,0,1
102,26,315,1,0,0,0,1
102,27,225,3,0,0,3,1
102,28,135,2,0,0,3,1
102,29,315,3,7,0,0,1
102,30,315,2,0,0,0,1
102,31,225,2,0,0,0,1
102,32,45,2,0,0,0,1
102,33,180,3,0,0,2,1
102,34,180,2,0,0,0,1
102,35,0,1,0,0,0,1
102,36,225,3,0,0,0,1
102,37,225,1,0,0,8,1
102,38,45,3,5,0,0,1
102,39,180,2,0,0,0,1
102,40,0,3,1,0,0,1
102,41,315,2,7,0,0,1
102,42,270,1,0,0,0,1
102,43,135,3,11,0,0,1
102,44,135,3,0,0,0,1
102,45,45,1,7,0,0,1
102,46,90,2,0,0,0,1
102,47,0,2,0,0,0,1
102,48,45,1,0,0,0,1
102,49,225,3,0,0,0,1
102,50,90,2,0,0,0,1
102,51,180,1,11,0,0,1
102,52,135,3,0,0,0,1
102,53,270,2,0,0,0,1
102,54,90,3,0,0,0,1
102,55,0,3,0,0,0,1
102,56,180,3,0,0,0,1
102,57,90,1,0,0,0,1
102,58,90,3,0,0,0,1
102,59,180,1,0,0,0,1
102,60,315,3,0,0,0,1
102,61,90,3,0,0,0,1
102,62,45,2,0,0,0,1
102,63,225,2,0,0,0,1
102,64,225,1,0,0,0,1
102,65,45,1,0,0,0,1
102,66,45,3,0,0,0,1
102,67,270,3,0,0,0,1
102,68,135,1,0,0,0,1
102,69,270,1,0,0,0,1
102,70,0,1,10,0,2,1
102,71,315,3,0,0,0,1
102,72,180,3,0,0,0,1
102,73,315,2,0,0,0,1
102,74,315,1,0,0,0,1
102,75,0,3,0,0,0,1
102,76,45,2,0,0,0,1
102,77,180,1,0,0,0,1
102,78,270,2,0,0,0,1
102,79,90,2,0,0,2,1
102,80,0,2,0,2,0,1
102,81,180,2,0,0,1,1
102,82,135,2,0,1,0,1
102,83,225,1,30,0,0,1
102,84,180,3,0,0,9,1
102,85,0,3,0,18,0,1
102,86,225,2,12,0,0,1
102,87,270,2,0,0,0,1
102,88,45,2,0,4,0,1
102,89,90,1,0,0,0,1
102,90,270,3,15,0,0,1
102,91,90,1,0,0,3,1
102,92,270,1,0,0,0,1
102,93,90,2,0,0,0,1
102,94,135,1,0,0,0,1
102,95,135,3,0,0,0,1
102,96,45,1,3,0,0,1
104,1,45,3,2,0,0,1
104,2,270,3,0,0,0,1
104,3,315,1,0,0,0,1
104,4,135,2,0,0,0,1
104,5,270,2,0,0,0,1
104,6,270,3,0,0,0,1
104,7,315,1,0,0,0,1
104,8,45,3,0,0,0,1
104,9,315,1,0,0,0,1
104,10,225,2,0,0,0,1
104,11,225,3,0,0,0,1
104,12,135,1,0,0,5,1
104,13,0,1,0,0,0,1
104,14,315,2,0,0,0,1
104,15,135,2,0,0,0,1
104,16,0,1,0,4,0,1
104,17,90,3,0,0,0,1
104,18,270,1,0,0,0,1
104,19,0,2,0,0,0,1
104,20,225,2,0,0,0,1
104,21,315,2,1,0,0,1
104,22,315,3,0,0,0,1
104,23,315,3,0,0,0,1
104,24,135,2,0,0,0,1
104,25,45,2,0,0,0,1
104,26,180,2,0,0,0,1
104,27,225,3,0,0,3,1
104,28,135,1,0,0,0,1
104,29,90,1,1,0,0,1
104,30,0,2,0,10,0,1
104,31,225,1,0,0,0,1
104,32,180,1,0,0,0,1
104,33,225,2,0,0,3,1
104,34,225,3,0,0,1,1
104,35,90,3,0,0,0,1
104,36,315,3,0,0,0,1
104,37,180,3,0,0,0,1
104,38,90,3,9,0,0,1
104,39,180,1,4,0,0,1
104,40,135,3,1,0,0,1
104,41,225,3,0,0,0,1
104,42,0,2,0,0,0,1
104,43,90,2,0,0,0,1
104,44,180,2,0,0,0,1
104,45,225,1,1,0,0,1
104,46,180,3,5,0,0,1
104,47,0,1,0,0,0,1
104,48,315,2,0,0,0,1
104,49,135,3,0,0,0,1
104,50,270,2,0,0,0,1
104,51,90,2,0,0,0,1
104,52,45,3,0,0,0,1
104,53,90,1,0,0,0,1
104,54,0,3,0,0,0,1
104,55,225,1,0,0,0,1
104,56,45,1,0,0,0,1
104,57,90,3,0,0,0,1
104,58,180,2,6,0,0,1
104,59,45,1,0,0,0,1
104,60,135,3,3,0,0,1
104,61,180,1,0,0,0,1
104,62,270,1,2,0,0,1
104,63,0,3,0,9,0,1
104,64,45,2,0,0,0,1
104,65,0,3,0,0,0,1
104,66,135,2,0,0,1,1
104,67,45,2,0,0,0,1
104,68,315,3,0,0,0,1
104,69,315,1,1,0,0,1
104,70,270,3,4,0,0,1
104,71,90,1,0,0,0,1
104,72,270,1,0,0,0,0
104,73,270,2,0,0,0,1
104,74,90,1,0,0,0,1
104,75,90,2,0,0,0,1
104,76,225,2,0,0,0,1
104,77,135,1,0,0,0,1
104,78,0,2,0,0,0,0
104,79,135,3,0,0,0,1
104,80,270,3,1,0,0,1
104,81,270,1,0,0,0,1
104,82,45,3,0,0,0,1
104,83,180,2,0,0,0,0
104,84,45,1,0,0,0,1
104,85,225,1,0,0,0,1
104,86,90,2,0,0,0,1
104,87,180,1,2,0,0,1
104,88,0,1,6,0,0,1
104,89,45,1,0,0,0,1
104,90,0,3,0,5,0,1
104,91,135,1,0,0,0,1
104,92,180,3,0,0,0,1
104,93,270,2,0,0,0,1
104,94,45,2,0,0,0,1
104,95,180,3,0,0,0,1
104,96,315,2,0,0,0,0
105,1,315,1,2,0,0,1
105,2,315,1,0,0,0,1
105,3,0,1,0,0,0,1
105,4,0,1,0,0,0,1
105,5,45,2,5,0,0,1
105,6,225,2,3,0,0,0
105,7,225,3,0,0,0,0
105,8,315,3,10,0,0,1
105,9,315,2,0,0,0,1
105,10,225,3,3,0,0,0
105,11,0,2,0,0,0,1
105,12,45,3,0,0,0,1
105,13,270,1,3,0,0,0
105,14,45,3,1,0,0,1
105,15,315,3,0,0,0,1
105,16,315,1,0,0,0,1
105,17,180,2,0,0,0,0
105,18,270,3,0,0,0,1
105,19,225,2,0,0,0,0
105,20,270,3,2,0,0,1
105,21,90,3,0,0,0,0
105,22,135,1,11,0,0,0
105,23,135,2,0,0,0,1
105,24,90,1,6,0,0,1
105,25,270,2,10,0,0,1
105,26,135,2,0,0,0,1
105,27,225,1,0,0,0,1
105,28,0,2,0,12,0,1
105,29,135,2,0,0,0,1
105,30,315,2,0,0,0,1
105,31,135,1,1,0,0,1
105,32,180,1,0,0,0,1
105,33,90,3,2,0,0,1
105,34,180,3,0,0,0,0
105,35,180,1,0,0,0,0
105,36,225,3,22,0,0,1
105,37,135,3,0,0,0,1
105,38,90,2,5,0,0,1
105,39,45,2,0,0,0,1
105,40,180,2,22,5,0,0
105,41,270,1,14,0,2,1
105,42,225,1,0,0,0,1
105,43,315,3,0,0,0,1
105,44,0,1,0,0,0,1
105,45,315,2,0,2,0,1
105,46,225,3,0,0,0,1
105,47,225,1,8,0,0,1
105,48,0,3,0,0,0,1
105,49,0,2,0,0,0,1
105,50,90,3,22,0,0,1
105,51,225,2,0,0,0,1
105,52,90,3,0,0,0,1
105,53,180,2,0,0,0,1
105,54,45,1,0,0,0,1
105,55,45,3,0,0,0,1
105,56,90,1,12,0,0,1
105,57,270,2,12,0,0,1
105,58,180,1,0,0,0,1
105,59,135,3,0,0,0,1
105,60,45,1,0,0,0,1
105,61,0,3,0,0,0,1
105,62,180,3,0,0,0,1
105,63,135,3,3,0,0,1
105,64,90,2,0,0,0,1
105,65,225,2,0,0,0,1
105,66,45,1,7,0,0,1
105,67,315,2,19,0,0,1
105,68,270,1,0,0,0,1
105,69,180,1,0,0,0,1
105,70,45,2,0,0,0,1
105,71,90,2,0,0,0,1
105,72,315,1,12,0,0,1
105,73,135,1,1,0,0,0
105,74,45,3,6,0,0,1
105,75,270,2,2,0,0,1
105,76,45,2,0,0,0,1
105,77,180,3,0,0,0,1
105,78,225,1,0,0,0,1
105,79,0,3,0,13,0,1
105,80,0,1,0,0,0,1
105,81,180,3,3,0,0,0
105,82,180,2,0,0,0,1
105,83,270,3,1,0,0,1
105,84,90,1,0,0,0,1
105,85,90,1,0,0,0,1
105,86,45,1,0,0,0,1
105,87,90,2,0,0,0,1
105,88,315,3,0,0,0,1
105,89,270,2,0,0,0,1
105,90,135,2,4,0,0,1
105,91,135,1,0,0,0,1
105,92,0,3,0,0,0,1
105,93,0,2,0,0,0,1
105,94,270,3,0,0,0,1
105,95,270,1,0,0,0,1
105,96,135,3,0,0,0,1
106,1,135,2,0,0,8,1
106,2,45,3,3,0,0,1
106,3,180,2,0,0,7,1
106,4,315,1,0,0,0,1
106,5,315,3,0,0,0,1
106,6,135,2,1,0,6,1
106,7,315,2,0,0,0,1
106,8,0,1,0,0,0,1
106,9,225,1,0,0,0,1
106,10,225,3,0,0,0,1
106,11,225,2,0,0,3,1
106,12,270,3,0,0,0,1
106,13,0,2,0,0,0,1
106,14,45,3,1,0,0,1
106,15,315,1,0,0,0,1
106,16,0,2,0,0,0,1
106,17,180,1,3,0,0,1
106,18,315,2,0,0,4,1
106,19,45,2,0,0,0,1
106,20,135,1,0,0,7,1
106,21,270,1,1,0,0,1
106,22,135,2,0,0,15,1
106,23,90,3,0,0,0,1
106,24,315,1,0,0,0,1
106,25,225,3,0,0,0,1
106,26,225,2,0,0,0,1
106,27,270,3,0,0,0,1
106,28,135,1,2,0,0,1
106,29,270,2,0,0,1,1
106,30,0,1,0,0,0,1
106,31,90,1,0,0,0,1
106,32,315,3,0,0,5,1
106,33,90,2,1,0,0,1
106,34,180,1,7,0,6,1
106,35,180,2,1,0,0,1
106,36,315,2,0,0,0,1
106,37,180,3,0,0,0,1
106,38,90,3,0,0,0,1
106,39,45,1,0,0,0,1
106,40,225,1,0,0,0,1
106,41,45,3,0,0,0,1
106,42,270,2,4,0,0,1
106,43,135,3,0,0,11,1
106,44,0,3,0,0,0,1
106,45,135,3,0,0,0,1
106,46,315,3,1,0,0,1
106,47,225,3,3,0,0,1
106,48,45,2,2,0,2,1
106,49,135,3,3,0,0,1
106,50,0,2,0,0,0,1
106,51,90,2,0,0,3,1
106,52,90,3,1,0,0,1
106,53,180,1,1,0,2,1
106,54,225,1,2,0,0,1
106,55,225,2,4,0,0,0
106,56,225,3,0,0,0,1
106,57,90,3,2,0,0,1
106,58,90,1,0,0,0,1
106,59,180,3,0,0,0,1
106,60,45,1,0,0,0,1
106,61,0,1,0,0,0,1
106,62,270,1,0,0,0,1
106,63,0,3,0,9,0,1
106,64,180,2,0,0,1,1
106,65,180,3,2,0,3,1
106,66,315,3,0,0,0,1
106,67,225,2,0,0,0,1
106,68,180,1,7,0,0,1
106,69,0,3,0,0,9,1
106,70,270,1,2,0,0,1
106,71,90,1,0,0,0,1
106,72,0,2,0,0,0,1
106,73,315,1,0,0,0,1
106,74,315,2,0,0,0,1
106,75,180,2,1,0,4,1
106,76,135,3,0,0,0,1
106,77,135,1,5,0,0,1
106,78,270,2,0,0,2,1
106,79,135,1,0,0,17,1
106,80,135,2,0,0,7,1
106,81,45,2,0,0,0,0
106,82,45,2,0,0,0,1
106,83,0,3,0,0,0,1
106,84,0,1,0,0,0,1
106,85,270,3,0,0,0,1
106,86,45,1,0,0,0,1
106,87,180,3,0,0,0,1
106,88,225,1,0,0,0,1
106,89,45,3,0,0,0,1
106,90,270,2,0,0,0,1
106,91,90,2,0,0,2,1
106,92,90,2,0,0,0,1
106,93,270,3,0,0,0,1
106,94,45,1,0,0,0,1
106,95,90,1,0,0,0,1
106,96,270,1,0,0,1,1
107,1,315,1,7,6,0,1
107,2,270,1,0,0,0,0
107,3,0,2,0,2,0,1
107,4,315,2,0,0,0,1
107,5,315,2,8,0,0,1
107,6,0,2,0,0,0,1
107,7,0,1,0,0,0,1
107,8,45,3,0,0,5,1
107,9,270,3,0,0,0,1
107,10,225,3,2,0,5,0
107,11,180,2,0,0,0,0
107,12,315,1,1,0,0,0
107,13,90,1,0,0,0,1
107,14,270,2,0,0,0,0
107,15,135,2,0,0,3,1
107,16,135,2,1,0,0,1
107,17,45,2,0,0,0,1
107,18,315,1,0,0,0,1
107,19,135,1,2,0,0,1
107,20,225,2,0,0,0,0
107,21,225,3,0,0,0,0
107,22,225,2,0,0,0,0
107,23,315,3,0,0,0,1
107,24,0,1,0,0,0,1
107,25,225,1,15,0,0,0
107,26,315,3,10,0,0,1
107,27,270,3,0,0,0,0
107,28,135,2,0,0,0,1
107,29,90,3,0,0,0,1
107,30,180,1,0,0,0,0
107,31,45,3,0,0,0,1
107,32,135,1,0,0,0,1
107,33,45,2,2,0,0,0
107,34,90,2,5,0,3,1
107,35,225,3,0,0,0,0
107,36,135,3,0,0,0,1
107,37,90,3,0,0,0,0
107,38,315,2,0,0,0,0
107,39,180,3,0,0,0,0
107,40,180,2,0,0,4,0
107,41,180,1,0,0,0,0
107,42,225,1,2,0,0,0
107,43,315,3,23,0,0,1
107,44,0,1,1,0,0,1
107,45,225,3,0,0,0,1
107,46,90,3,0,0,0,1
107,47,0,3,10,0,0,1
107,48,225,1,3,0,0,1
107,49,180,3,0,0,0,0
107,50,180,1,0,0,0,1
107,51,180,2,0,0,0,1
107,52,0,3,0,0,0,1
107,53,90,1,0,0,0,1
107,54,90,2,0,0,0,1
107,55,45,1,6,0,0,1
107,56,45,3,3,0,0,1
107,57,90,3,0,0,0,0
107,58,270,2,1,0,0,1
107,59,45,1,0,0,0,1
107,60,135,3,5,0,0,1
107,61,0,2,0,0,0,1
107,62,270,1,0,0,0,1
107,63,135,3,0,0,1,0
107,64,225,2,0,0,0,1
107,65,45,3,0,0,0,1
107,66,270,1,0,0,0,1
107,67,45,1,0,0,0,1
107,68,270,3,2,0,0,1
107,69,0,3,0,0,0,1
107,70,135,2,0,0,0,1
107,71,270,3,2,0,0,1
107,72,225,1,0,0,4,1
107,73,225,2,2,0,0,1
107,74,0,2,10,0,0,1
107,75,270,2,4,0,0,1
107,76,315,2,1,0,0,1
107,77,0,3,0,0,0,1
107,78,135,1,0,0,0,1
107,79,135,1,0,0,0,1
107,80,45,1,3,0,0,0
107,81,90,2,0,0,0,1
107,82,45,2,0,0,0,1
107,83,180,2,0,0,0,0
107,84,45,2,0,0,0,1
107,85,90,1,0,0,0,1
107,86,90,1,3,0,0,1
107,87,180,3,0,0,0,1
107,88,0,1,0,0,0,1
107,89,270,1,0,0,0,1
107,90,315,1,8,0,0,1
107,91,270,2,6,0,0,1
107,92,180,3,0,0,6,1
107,93,90,2,0,0,4,1
107,94,315,3,4,0,0,1
107,95,135,3,0,0,1,1
107,96,180,1,0,0,0,0
108,1,315,1,0,0,0,1
108,2,225,3,0,0,0,1
108,3,315,3,0,0,0,1
108,4,90,1,0,0,0,1
108,5,0,2,0,0,0,1
108,6,270,1,0,0,0,1
108,7,180,1,0,0,0,1
108,8,135,2,0,0,0,1
108,9,270,2,0,8,0,1
108,10,135,2,2,0,0,0
108,11,225,2,0,0,7,1
108,12,135,1,0,0,0,1
108,13,270,3,0,0,12,1
108,14,315,1,0,7,0,1
108,15,0,2,0,0,0,1
108,16,315,2,2,0,0,1
108,17,0,1,0,3,0,1
108,18,90,3,0,0,0,1
108,19,45,2,0,0,0,1
108,20,225,1,0,0,9,1
108,21,315,2,0,2,0,1
108,22,225,3,0,0,0,1
108,23,45,3,0,0,0,1
108,24,180,2,0,0,0,0
108,25,315,1,0,0,0,1
108,26,315,3,0,0,0,1
108,27,45,3,0,0,0,1
108,28,270,3,0,0,0,1
108,29,135,2,0,0,0,1
108,30,0,1,0,0,0,1
108,31,225,2,0,0,0,1
108,32,135,1,0,0,0,1
108,33,315,3,0,0,0,1
108,34,180,2,0,0,0,1
108,35,270,1,0,0,0,1
108,36,90,1,3,0,0,1
108,37,225,3,0,3,8,1
108,38,180,2,1,0,3,1
108,39,45,1,0,0,0,1
108,40,225,1,0,0,0,1
108,41,0,3,0,3,0,1
108,42,270,2,0,0,0,0
108,43,180,1,0,0,0,1
108,44,315,2,0,0,0,1
108,45,90,3,0,0,0,1
108,46,45,2,0,0,0,1
108,47,90,2,0,11,0,0
108,48,225,2,0,0,0,1
108,49,0,3,0,0,0,1
108,50,180,1,0,0,0,0
108,51,180,3,0,0,0,1
108,52,0,1,0,14,0,1
108,53,0,2,0,15,0,1
108,54,45,1,0,0,0,1
108,55,225,1,0,0,0,1
108,56,90,3,0,0,0,1
108,57,135,3,0,0,0,0
108,58,135,3,0,12,1,1
108,59,90,3,0,0,0,1
108,60,135,3,8,0,2,1
108,61,225,3,0,0,8,1
108,62,90,2,0,0,0,1
108,63,180,3,0,18,12,0
108,64,45,3,0,0,0,1
108,65,90,2,10,0,0,1
108,66,0,3,0,0,0,1
108,67,45,2,0,0,0,1
108,68,180,3,0,4,4,1
108,69,90,1,0,0,0,0
108,70,270,1,0,0,0,1
108,71,225,1,0,0,0,1
108,72,225,2,0,0,0,1
108,73,0,1,0,0,0,1
108,74,270,2,0,0,0,0
108,75,315,2,0,0,0,0
108,76,135,2,3,0,0,1
108,77,45,3,0,0,0,1
108,78,270,3,0,0,0,0
108,79,45,1,0,0,0,1
108,80,135,3,0,0,0,1
108,81,270,1,0,0,0,1
108,82,90,2,0,0,0,1
108,83,270,3,0,0,0,1
108,84,180,1,0,0,3,1
108,85,135,1,0,0,5,1
108,86,0,3,0,0,0,1
108,87,0,2,0,0,0,1
108,88,180,3,0,1,2,1
108,89,45,2,0,2,0,1
108,90,315,1,0,6,0,1
108,91,90,1,0,0,0,1
108,92,315,3,2,5,0,1
108,93,135,1,1,0,0,0
108,94,180,2,0,0,0,0
108,95,270,2,0,0,0,1
108,96,45,1,0,0,0,1
110,1,135,1,0,0,3,0
110,2,315,1,0,0,0,1
110,3,180,2,0,0,0,1
110,4,270,2,0,0,2,1
110,5,45,3,0,0,0,1
110,6,270,1,1,0,0,1
110,7,0,2,0,0,0,1
110,8,315,2,0,0,0,1
110,9,225,1,0,0,0,1
110,10,135,2,0,0,0,1
110,11,270,3,0,0,0,0
110,12,180,1,0,0,0,1
110,13,315,1,0,0,0,1
110,14,225,2,0,0,0,1
110,15,135,2,0,0,5,1
110,16,135,2,0,0,5,1
110,17,225,3,0,0,0,1
110,18,315,3,0,0,0,1
110,19,90,3,0,0,0,1
110,20,135,1,0,0,9,1
110,21,0,2,0,0,0,1
110,22,315,3,2,0,0,1
110,23,0,1,0,0,0,1
110,24,0,1,0,0,0,1
110,25,315,2,0,0,0,1
110,26,90,1,0,0,0,1
110,27,225,2,0,0,0,1
110,28,315,1,0,0,0,1
110,29,225,3,0,0,0,1
110,30,45,3,0,0,0,1
110,31,270,3,0,0,0,1
110,32,45,2,0,0,0,1
110,33,45,1,0,0,0,1
110,34,180,2,0,0,2,1
110,35,135,3,0,0,5,1
110,36,315,3,0,0,1,1
110,37,180,2,0,0,0,0
110,38,225,3,0,0,0,1
110,39,45,3,0,0,0,1
110,40,90,1,0,0,0,1
110,41,225,3,0,0,0,1
110,42,0,1,10,0,0,1
110,43,45,1,0,0,0,1
110,44,0,3,0,0,0,1
110,45,315,2,0,0,0,1
110,46,270,2,0,0,0,1
110,47,90,3,0,0,0,1
110,48,225,1,1,0,0,1
110,49,225,1,0,0,0,0
110,50,90,2,0,0,0,1
110,51,135,3,0,0,0,1
110,52,0,3,0,0,0,1
110,53,180,3,0,0,0,0
110,54,90,3,0,0,0,1
110,55,180,1,0,0,0,1
110,56,45,2,0,0,0,1
110,57,90,3,0,0,0,0
110,58,180,1,1,0,1,1
110,59,0,2,0,0,0,1
110,60,225,2,6,0,0,1
110,61,90,2,0,0,0,1
110,62,180,3,0,0,0,0
110,63,135,3,0,0,0,1
110,64,270,1,2,0,3,1
110,65,135,3,0,0,0,1
110,66,90,1,0,0,0,1
110,67,180,2,0,0,0,1
110,68,315,1,0,0,0,1
110,69,45,1,0,0,0,1
110,70,45,1,0,0,0,1
110,71,270,1,0,0,0,1
110,72,315,3,0,0,0,1
110,73,135,1,0,0,0,0
110,74,180,1,0,0,0,1
110,75,0,3,4,0,0,1
110,76,180,3,2,0,0,1
110,77,135,1,0,0,2,1
110,78,270,1,0,0,0,1
110,79,225,1,14,0,0,0
110,80,270,3,0,0,0,1
110,81,45,2,0,0,0,1
110,82,270,3,0,0,0,1
110,83,270,2,0,0,0,1
110,84,270,2,0,0,0,1
110,85,0,2,0,0,0,1
110,86,135,2,0,0,0,1
110,87,45,2,0,0,0,1
110,88,90,1,0,0,0,1
110,89,0,3,0,0,0,1
110,90,180,3,0,0,0,1
110,91,315,2,0,0,0,0
110,92,225,2,0,0,0,1
110,93,90,2,0,0,0,1
110,94,45,3,0,0,0,1
110,95,90,2,0,0,0,1
110,96,0,1,0,0,0,1
112,1,315,1,3,0,0,1
112,2,270,1,0,0,0,1
112,3,225,2,0,0,0,1
112,4,135,2,0,0,0,1
112,5,225,2,0,0,0,1
112,6,0,2,0,0,0,1
112,7,315,3,0,0,0,1
112,8,0,2,0,0,0,1
112,9,180,2,0,0,0,1
112,10,225,1,0,0,0,1
112,11,135,1,0,0,0,1
112,12,45,3,0,0,0,1
112,13,45,3,0,0,0,1
112,14,90,1,0,0,0,1
112,15,315,1,0,0,0,1
112,16,270,2,0,0,0,1
112,17,135,2,0,0,4,1
112,18,315,1,0,0,0,1
112,19,135,2,0,0,0,1
112,20,225,3,0,0,0,1
112,21,315,2,0,0,0,1
112,22,0,1,0,0,0,1
112,23,45,2,0,0,0,1
112,24,135,1,0,0,0,1
112,25,180,1,0,0,0,1
112,26,0,1,0,0,0,1
112,27,225,3,0,0,0,1
112,28,270,3,0,0,0,1
112,29,315,3,0,0,0,1
112,30,90,3,1,0,0,1
112,31,270,3,0,0,0,1
112,32,315,2,0,0,0,1
112,33,45,1,0,0,0,1
112,34,270,1,0,0,0,1
112,35,225,3,0,0,0,1
112,36,180,2,0,0,0,1
112,37,90,3,0,0,0,1
112,38,0,3,0,0,0,1
112,39,90,3,0,0,0,1
112,40,0,2,0,0,0,1
112,41,90,1,0,0,0,1
112,42,180,2,0,0,0,1
112,43,0,3,0,0,0,1
112,44,225,2,3,0,0,1
112,45,45,1,0,0,0,1
112,46,180,1,0,0,0,1
112,47,270,2,0,0,0,1
112,48,90,2,0,0,0,1
112,49,180,3,0,0,0,1
112,50,90,2,0,0,0,1
112,51,225,1,0,0,0,1
112,52,45,3,1,0,0,1
112,53,225,1,0,0,0,1
112,54,135,3,0,0,0,1
112,55,45,2,0,0,0,1
112,56,315,2,0,0,0,1
112,57,0,1,0,0,0,1
112,58,135,3,3,0,0,1
112,59,90,3,0,0,0,1
112,60,180,1,0,0,0,1
112,61,315,3,0,0,0,1
112,62,225,3,0,0,0,1
112,63,135,3,0,0,4,1
112,64,180,3,0,0,0,1
112,65,90,1,0,0,0,1
112,66,90,2,0,0,0,0
112,67,180,3,21,0,0,0
112,68,45,1,0,0,0,1
112,69,90,2,0,0,0,1
112,70,45,1,0,0,0,1
112,71,180,2,0,0,0,1
112,72,45,2,0,0,0,1
112,73,135,3,0,0,0,1
112,74,90,1,0,0,0,1
112,75,0,3,0,0,0,1
112,76,225,1,0,0,0,1
112,77,0,2,0,0,0,1
112,78,270,2,0,0,0,1
112,79,45,2,0,0,0,1
112,80,0,3,0,0,0,1
112,81,315,2,0,0,0,1
112,82,270,1,0,0,0,1
112,83,315,1,0,0,0,1
112,84,135,1,0,0,0,1
112,85,45,3,0,0,0,1
112,86,315,3,0,0,0,1
112,87,270,3,0,0,0,1
112,88,270,2,0,0,0,1
112,89,135,1,0,0,0,1
112,90,180,3,0,0,0,1
112,91,225,2,3,0,0,1
112,92,180,1,0,0,0,1
112,93,135,2,0,0,0,1
112,94,270,3,0,0,0,1
112,95,270,1,0,0,0,1
112,96,0,1,0,0,0,1
114,1,45,3,0,0,0,0
114,2,225,1,2,0,0,1
114,3,315,3,6,0,0,1
114,4,180,2,0,0,0,0
114,5,315,1,0,0,0,1
114,6,135,1,1,0,0,1
114,7,270,2,0,0,0,1
114,8,315,2,5,0,0,1
114,9,0,2,4,0,0,1
114,10,90,1,3,0,0,1
114,11,315,3,0,0,0,1
114,12,0,1,0,0,0,1
114,13,315,1,0,0,1,1
114,14,315,2,2,0,0,1
114,15,225,3,0,0,0,1
114,16,0,1,0,0,0,1
114,17,90,3,0,0,0,1
114,18,225,3,1,0,0,1
114,19,270,3,0,0,0,1
114,20,45,2,1,0,0,1
114,21,270,3,0,0,0,1
114,22,135,2,0,0,0,1
114,23,180,1,14,0,0,1
114,24,225,2,8,0,0,1
114,25,225,2,5,0,0,1
114,26,45,3,0,0,0,1
114,27,135,2,0,0,1,1
114,28,270,1,0,0,0,1
114,29,315,1,0,0,0,1
114,30,135,1,0,0,0,1
114,31,0,2,0,0,0,1
114,32,135,2,0,0,2,1
114,33,180,2,0,0,0,1
114,34,0,3,0,0,0,1
114,35,225,1,0,0,0,0
114,36,45,3,0,0,0,1
114,37,90,3,3,0,0,1
114,38,90,3,0,0,0,1
114,39,45,2,0,0,0,1
114,40,135,3,0,0,0,1
114,41,225,1,0,0,0,1
114,42,225,3,0,0,0,1
114,43,180,3,0,0,0,1
114,44,180,3,0,0,0,1
114,45,270,1,0,0,0,1
114,46,180,2,0,0,0,0
114,47,45,1,0,0,0,1
114,48,180,1,0,0,0,1
114,49,180,1,0,0,0,1
114,50,90,1,0,0,0,1
114,51,135,3,0,0,1,1
114,52,135,3,0,0,0,1
114,53,90,3,0,0,0,1
114,54,315,2,0,0,0,1
114,55,225,3,0,0,0,1
114,56,270,2,0,0,0,1
114,57,0,1,0,0,0,1
114,58,225,2,7,0,0,1
114,59,315,3,0,0,0,1
114,60,45,1,0,0,0,1
114,61,0,3,0,0,0,1
114,62,90,2,0,0,0,1
114,63,0,2,0,0,6,1
114,64,90,2,0,0,0,1
114,65,270,1,0,0,0,1
114,66,135,1,0,0,0,1
114,67,270,2,6,0,0,1
114,68,315,3,0,0,0,1
114,69,90,1,0,0,0,1
114,70,315,1,0,0,1,1
114,71,180,3,0,0,0,1
114,72,45,2,0,0,0,1
114,73,45,1,0,0,0,1
114,74,0,3,2,0,0,1
114,75,225,1,0,0,0,1
114,76,45,3,1,0,1,1
114,77,0,1,0,0,0,1
114,78,135,3,0,0,0,1
114,79,315,2,0,0,0,1
114,80,180,3,1,0,0,1
114,81,135,1,0,0,0,1
114,82,90,2,2,0,0,1
114,83,0,3,0,0,0,1
114,84,270,3,28,0,0,1
114,85,270,3,0,0,0,1
114,86,225,2,0,0,0,1
114,87,90,2,0,0,0,1
114,88,270,2,4,0,0,1
114,89,45,2,0,0,0,1
114,90,90,1,0,0,0,1
114,91,270,1,1,0,0,1
114,92,135,2,1,0,0,1
114,93,180,2,0,0,0,1
114,94,180,1,0,0,0,1
114,95,45,1,0,0,0,1
114,96,0,2,0,0,0,1
601,1,270,3,0,0,10,0
601,2,45,3,3,0,9,0
601,3,270,3,0,0,0,0
601,4,135,1,0,0,18,0
601,5,225,1,0,0,3,0
601,6,0,2,0,0,0,0
601,7,0,1,0,0,0,0
601,8,225,2,0,0,0,1
601,9,0,2,0,5,0,0
601,10,225,2,0,0,0,0
601,11,315,3,0,0,0,0
601,12,135,1,0,0,0,0
601,13,0,1,0,6,0,0
601,14,315,1,0,0,0,0
601,15,270,1,0,0,0,1
601,16,135,2,0,0,1,0
601,17,315,3,0,0,0,0
601,18,135,2,0,0,0,1
601,19,90,1,0,0,0,0
601,20,315,2,0,0,0,0
601,21,225,3,0,0,6,0
601,22,45,2,0,0,0,0
601,23,180,1,0,0,0,0
601,24,315,1,0,0,0,0
601,25,270,2,0,0,0,0
601,26,45,3,0,0,0,0
601,27,315,1,0,0,0,0
601,28,90,3,0,0,0,0
601,29,225,3,0,0,0,0
601,30,180,2,0,0,0,0
601,31,135,2,0,0,8,0
601,32,315,2,0,0,0,0
601,33,90,2,0,0,0,0
601,34,45,1,0,0,0,0
601,35,315,2,0,0,0,0
601,36,0,2,3,0,0,0
601,37,135,3,0,0,0,0
601,38,270,1,0,0,0,0
601,39,90,3,0,0,0,0
601,40,225,3,0,0,0,0
601,41,180,3,0,0,0,0
601,42,45,3,0,0,0,0
601,43,180,1,0,0,0,0
601,44,90,2,0,0,0,0
601,45,180,3,0,0,0,0
601,46,225,1,0,0,6,0
601,47,180,2,0,0,0,0
601,48,90,3,0,0,0,0
601,49,180,2,0,0,0,1
601,50,225,1,0,0,4,1
601,51,90,3,0,0,0,0
601,52,180,1,0,0,0,0
601,53,90,1,0,0,0,0
601,54,270,2,0,0,0,0
601,55,0,3,0,0,0,0
601,56,225,2,3,0,0,0
601,57,45,1,0,0,0,1
601,58,0,3,0,0,0,1
601,59,45,2,0,0,0,1
601,60,315,3,0,0,0,0
601,61,225,3,0,0,0,0
601,62,135,3,0,0,0,0
601,63,0,1,0,3,0,0
601,64,135,3,0,0,0,0
601,65,90,1,0,0,0,0
601,66,0,3,0,0,0,0
601,67,135,1,0,0,0,0
601,68,90,1,0,0,0,0
601,69,0,2,0,2,0,0
601,70,270,3,0,0,0,0
601,71,225,2,0,0,0,0
601,72,180,3,0,0,0,0
601,73,315,1,0,0,0,0
601,74,270,2,0,0,0,0
601,75,270,3,0,0,0,0
601,76,270,1,0,0,0,0
601,77,135,1,0,0,0,0
601,78,45,1,0,0,0,0
601,79,135,2,0,0,0,0
601,80,180,3,0,0,0,0
601,81,45,2,0,0,0,1
601,82,135,3,0,0,0,0
601,83,0,1,0,0,0,0
601,84,180,1,0,0,0,0
601,85,270,2,0,0,0,0
601,86,90,2,0,0,0,0
601,87,45,3,0,0,0,0
601,88,270,1,0,0,0,0
601,89,315,2,0,0,0,0
601,90,180,2,0,0,0,0
601,91,90,2,0,0,0,0
601,92,45,2,0,0,0,0
601,93,315,3,0,0,0,0
601,94,45,1,0,0,0,0
601,95,225,1,0,0,0,0
601,96,0,3,0,4,0,0
602,1,135,1,4,0,1,1
602,2,315,3,0,0,0,1
602,3,45,3,0,0,0,1
602,4,135,2,0,0,8,1
602,5,0,2,0,0,0,1
602,6,270,3,0,0,0,1
602,7,135,1,0,0,3,1
602,8,45,2,0,0,0,1
602,9,180,1,0,0,0,1
602,10,225,2,0,0,0,1
602,11,45,3,0,0,0,1
602,12,135,2,0,0,5,1
602,13,315,2,0,0,0,1
602,14,315,1,0,0,0,1
602,15,225,3,0,0,0,1
602,16,270,2,4,0,0,1
602,17,315,2,0,0,0,1
602,18,90,3,2,0,0,1
602,19,180,2,0,0,0,1
602,20,270,3,0,0,0,1
602,21,0,1,0,0,0,1
602,22,0,2,0,3,0,1
602,23,315,3,0,0,0,1
602,24,0,1,0,0,0,1
602,25,225,1,0,0,0,1
602,26,90,1,0,0,0,1
602,27,270,1,0,0,0,1
602,28,315,1,0,0,0,1
602,29,225,2,0,0,0,1
602,30,315,1,0,0,0,1
602,31,225,3,0,0,0,1
602,32,135,2,0,0,4,1
602,33,45,1,0,0,0,1
602,34,135,3,0,0,0,0
602,35,0,3,16,0,0,1
602,36,225,2,0,0,0,1
602,37,90,2,0,0,0,1
602,38,225,1,2,0,0,1
602,39,315,3,0,0,2,1
602,40,45,1,0,1,0,1
602,41,180,2,0,0,0,1
602,42,180,2,0,0,0,1
602,43,0,1,0,0,0,1
602,44,0,2,0,0,0,1
602,45,180,3,0,0,1,1
602,46,180,3,0,0,0,1
602,47,45,2,0,2,0,1
602,48,90,1,0,0,0,1
602,49,90,3,0,0,0,1
602,50,90,3,0,0,0,1
602,51,180,1,1,0,0,1
602,52,180,1,0,0,0,1
602,53,225,3,0,0,0,1
602,54,45,3,0,0,0,1
602,55,135,3,0,0,4,1
602,56,90,3,0,0,0,1
602,57,225,1,0,0,0,1
602,58,225,3,0,0,0,1
602,59,135,3,1,0,0,1
602,60,90,2,0,0,0,1
602,61,270,2,2,0,0,1
602,62,0,3,0,0,0,1
602,63,315,2,2,0,0,1
602,64,270,1,1,0,0,1
602,65,0,2,0,0,0,1
602,66,225,2,2,0,0,1
602,67,90,2,0,0,0,1
602,68,180,1,0,0,0,0
602,69,135,3,0,0,3,1
602,70,90,2,0,0,0,1
602,71,315,1,1,0,0,1
602,72,270,2,0,0,0,1
602,73,90,1,0,0,0,1
602,74,270,1,0,0,0,1
602,75,45,1,0,0,0,1
602,76,0,3,0,0,0,1
602,77,0,3,0,0,0,1
602,78,45,2,14,0,0,1
602,79,315,3,9,0,0,1
602,80,225,1,6,0,0,1
602,81,180,3,0,0,0,1
602,82,45,2,0,0,0,1
602,83,270,3,3,0,0,1
602,84,0,1,0,0,0,1
602,85,45,1,0,0,0,1
602,86,135,1,0,0,0,1
602,87,270,3,5,0,0,1
602,88,315,2,0,0,0,1
602,89,135,1,0,0,0,1
602,90,135,2,0,0,4,1
602,91,270,1,7,0,0,1
602,92,90,1,1,0,0,1
602,93,180,2,0,0,0,1
602,94,45,3,1,0,0,1
602,95,180,3,0,0,0,1
602,96,270,2,3,0,3,1
603,1,45,3,0,0,1,1
603,2,315,3,1,7,1,1
603,3,45,3,1,0,0,1
603,4,135,1,0,0,9,0
603,5,315,1,0,0,0,1
603,6,270,2,3,0,0,1
603,7,315,3,2,0,0,1
603,8,315,1,5,0,0,1
603,9,180,2,6,1,2,1
603,10,180,1,0,0,1,1
603,11,0,2,0,1,0,1
603,12,0,1,0,0,0,1
603,13,0,2,0,2,0,1
603,14,225,1,2,0,2,1
603,15,315,2,9,0,0,1
603,16,270,3,0,0,0,1
603,17,315,1,2,0,0,1
603,18,315,2,2,0,0,1
603,19,90,1,0,0,0,1
603,20,135,2,1,0,6,1
603,21,135,2,0,0,8,1
603,22,225,3,0,0,0,1
603,23,45,2,0,0,0,1
603,24,270,3,0,0,0,1
603,25,0,1,0,0,0,1
603,26,225,2,0,0,0,1
603,27,90,3,0,0,0,1
603,28,270,1,0,0,1,1
603,29,135,1,1,0,7,1
603,30,225,2,0,0,0,1
603,31,225,3,0,0,0,1
603,32,135,2,0,0,8,1
603,33,180,1,0,0,0,1
603,34,270,1,0,0,0,1
603,35,0,3,3,0,0,1
603,36,90,2,0,0,0,1
603,37,225,3,0,0,0,1
603,38,135,3,4,0,0,1
603,39,135,3,0,0,1,1
603,40,225,1,0,0,0,1
603,41,45,2,0,0,0,1
603,42,45,3,1,0,0,1
603,43,180,3,0,0,0,1
603,44,90,3,0,0,0,1
603,45,90,1,0,0,0,1
603,46,315,3,0,0,0,1
603,47,90,2,0,0,0,1
603,48,270,2,0,0,0,1
603,49,180,1,0,0,0,1
603,50,135,3,0,0,5,1
603,51,225,3,0,0,0,1
603,52,45,1,0,0,0,1
603,53,0,2,0,0,0,1
603,54,180,2,0,0,0,1
603,55,45,1,0,0,0,1
603,56,225,2,0,0,0,1
603,57,225,1,0,0,0,1
603,58,0,3,0,0,0,1
603,59,180,2,0,0,0,1
603,60,180,3,0,0,0,1
603,61,315,2,0,0,0,1
603,62,90,3,0,0,0,1
603,63,90,3,0,0,0,1
603,64,0,1,0,0,0,1
603,65,270,1,0,0,0,1
603,66,180,3,0,0,0,1
603,67,0,2,0,0,0,1
603,68,225,2,0,0,0,0
603,69,270,3,0,0,0,1
603,70,45,1,0,0,0,1
603,71,45,2,0,0,0,1
603,72,270,2,0,0,0,1
603,73,315,2,0,0,0,1
603,74,135,1,1,0,2,1
603,75,315,1,0,0,0,1
603,76,135,3,0,0,2,1
603,77,45,2,0,0,0,1
603,78,315,3,4,0,0,1
603,79,180,2,0,0,0,1
603,80,135,1,0,0,0,1
603,81,90,1,0,0,0,1
603,82,270,3,0,0,0,0
603,83,45,1,2,0,0,0
603,84,90,2,0,0,0,0
603,85,90,2,0,0,0,1
603,86,135,2,0,0,2,1
603,87,0,3,0,0,0,1
603,88,225,1,0,0,0,1
603,89,270,2,0,0,0,1
603,90,0,1,0,0,0,1
603,91,180,1,0,0,0,1
603,92,270,1,1,0,0,1
603,93,180,3,0,0,0,1
603,94,0,3,0,0,0,1
603,95,90,1,0,0,0,1
603,96,45,3,1,0,0,1
605,1,315,1,12,0,0,1
605,2,45,3,0,0,0,1
605,3,45,3,0,0,0,1
605,4,135,2,0,0,7,1
605,5,315,3,0,0,0,1
605,6,180,1,0,0,0,0
605,7,225,3,0,0,0,1
605,8,225,3,0,0,0,1
605,9,315,3,0,0,0,1
605,10,0,2,0,0,0,1
605,11,225,2,0,0,0,1
605,12,270,2,0,0,0,1
605,13,225,1,0,0,0,1
605,14,315,1,0,0,0,1
605,15,135,1,0,0,0,1
605,16,135,1,0,0,10,1
605,17,270,3,0,0,0,1
605,18,225,2,10,0,0,1
605,19,270,1,0,0,6,1
605,20,90,1,0,0,0,1
605,21,135,2,2,0,4,1
605,22,45,2,0,0,0,1
605,23,315,2,0,4,0,1
605,24,90,3,0,0,0,1
605,25,315,1,0,0,0,1
605,26,0,2,0,0,0,1
605,27,270,3,0,0,0,1
605,28,315,2,0,0,0,1
605,29,0,1,0,0,0,1
605,30,180,2,0,0,0,0
605,31,135,2,0,0,0,1
605,32,0,1,0,0,0,1
605,33,45,3,0,0,0,1
605,34,315,2,0,0,0,1
605,35,225,3,0,0,0,1
605,36,0,2,9,0,0,1
605,37,315,3,0,0,0,1
605,38,180,3,0,0,0,1
605,39,0,3,0,0,0,1
605,40,180,1,0,0,0,1
605,41,90,2,0,0,0,1
605,42,45,1,0,0,0,1
605,43,225,2,0,0,0,1
605,44,45,2,0,0,0,1
605,45,45,1,0,0,0,1
605,46,90,3,0,0,0,1
605,47,270,1,0,0,1,1
605,48,225,1,0,0,1,0
605,49,135,3,0,0,0,0
605,50,90,1,0,0,0,1
605,51,225,1,0,0,0,1
605,52,0,3,0,0,0,1
605,53,180,2,12,0,0,0
605,54,270,2,0,0,1,1
605,55,90,2,0,0,0,0
605,56,180,2,14,0,0,0
605,57,90,3,0,0,0,1
605,58,0,1,11,0,0,1
605,59,180,3,0,0,0,1
605,60,90,3,0,0,0,0
605,61,135,3,13,0,0,0
605,62,225,3,0,0,0,0
605,63,180,1,0,0,0,1
605,64,135,3,0,0,0,1
605,65,45,1,0,0,0,0
605,66,45,3,0,0,0,1
605,67,180,2,0,0,0,0
605,68,270,2,0,0,0,1
605,69,90,2,0,0,0,0
605,70,135,1,0,0,3,1
605,71,45,2,0,0,0,1
605,72,135,3,0,0,8,0
605,73,270,2,0,0,0,1
605,74,135,1,0,0,0,0
605,75,315,1,0,0,0,1
605,76,315,3,0,0,0,1
605,77,225,2,0,0,0,1
605,78,270,1,0,0,0,1
605,79,0,1,0,0,0,1
605,80,90,1,0,0,0,1
605,81,270,3,0,0,0,0
605,82,45,2,0,0,0,1
605,83,0,3,1,0,0,1
605,84,180,3,0,0,0,0
605,85,0,3,0,0,0,1
605,86,45,1,0,0,0,1
605,87,180,1,0,0,0,1
605,88,315,2,0,0,0,1
605,89,90,1,0,0,0,1
605,90,270,1,0,0,0,1
605,91,135,2,0,0,0,1
605,92,225,1,0,0,0,0
605,93,270,3,0,0,0,1
605,94,90,2,0,0,0,1
605,95,180,3,0,0,0,0
605,96,0,2,0,0,0,1
606,1,315,3,5,0,0,0
606,2,135,1,0,0,0,1
606,3,45,3,0,0,3,0
606,4,135,2,0,0,0,1
606,5,225,2,0,1,15,0
606,6,0,2,0,0,0,0
606,7,45,2,0,0,0,0
606,8,180,2,2,0,0,0
606,9,315,1,0,0,0,1
606,10,45,3,0,0,0,1
606,11,315,3,5,0,0,0
606,12,270,3,0,0,0,0
606,13,90,1,3,0,0,1
606,14,135,2,0,0,3,1
606,15,225,1,2,0,5,1
606,16,225,3,0,0,10,1
606,17,315,2,7,0,0,1
606,18,180,1,0,0,0,1
606,19,270,1,5,0,6,1
606,20,135,1,0,0,0,1
606,21,315,1,0,0,0,1
606,22,315,2,0,0,0,1
606,23,0,1,0,0,0,1
606,24,270,2,3,0,3,1
606,25,135,2,0,0,0,1
606,26,0,1,20,0,0,1
606,27,90,3,5,0,0,1
606,28,315,1,0,0,0,1
606,29,0,2,0,13,0,1
606,30,225,2,0,0,0,1
606,31,225,3,0,0,0,1
606,32,270,3,0,0,0,1
606,33,315,2,1,0,0,1
606,34,90,2,0,0,0,1
606,35,90,3,0,0,0,1
606,36,90,2,0,0,0,1
606,37,270,1,3,0,0,1
606,38,135,3,0,0,1,1
606,39,135,3,0,0,0,1
606,40,0,3,0,0,0,1
606,41,180,2,0,0,0,1
606,42,180,1,3,0,0,1
606,43,225,2,8,0,0,1
606,44,90,3,0,0,9,1
606,45,225,1,7,0,0,1
606,46,135,3,0,0,7,1
606,47,180,1,0,0,0,1
606,48,90,3,0,0,0,1
606,49,45,3,0,0,0,1
606,50,180,2,0,0,0,1
606,51,0,1,0,0,0,1
606,52,90,1,0,0,0,1
606,53,315,3,2,0,0,1
606,54,0,2,0,0,0,1
606,55,270,2,0,0,0,1
606,56,225,3,0,0,0,1
606,57,225,3,2,0,0,1
606,58,180,3,1,0,0,1
606,59,45,2,0,0,0,1
606,60,225,1,0,0,0,1
606,61,0,3,0,0,0,1
606,62,180,3,0,0,5,1
606,63,45,1,12,0,0,0
606,64,45,1,2,0,0,1
606,65,270,3,3,0,0,1
606,66,270,1,3,0,0,0
606,67,135,1,0,0,0,1
606,68,315,2,0,0,0,1
606,69,45,3,6,0,0,1
606,70,270,3,0,0,0,1
606,71,270,1,0,0,0,1
606,72,0,3,0,0,0,1
606,73,45,2,0,0,0,1
606,74,180,2,0,0,0,1
606,75,135,1,0,0,24,0
606,76,0,2,0,0,0,1
606,77,180,3,0,0,0,1
606,78,180,1,0,0,0,1
606,79,0,3,0,4,0,1
606,80,45,1,0,0,0,1
606,81,315,3,0,0,0,1
606,82,135,3,0,0,0,1
606,83,270,2,1,0,0,0
606,84,135,2,0,0,0,1
606,85,225,2,0,0,0,0
606,86,315,1,0,0,0,1
606,87,45,2,0,0,4,0
606,88,45,1,0,0,0,1
606,89,90,2,1,0,0,1
606,90,90,1,0,0,0,1
606,91,90,1,0,0,0,1
606,92,270,2,0,0,0,1
606,93,90,2,0,0,0,1
606,94,225,1,0,0,4,1
606,95,0,1,0,0,0,1
606,96,180,3,0,0,0,1
607,1,0,1,0,0,0,0
607,2,225,1,2,0,2,0
607,3,180,2,0,0,0,1
607,4,225,2,0,0,0,1
607,5,45,3,0,0,0,1
607,6,135,2,0,0,3,1
607,7,315,3,0,0,0,1
607,8,270,1,0,0,0,1
607,9,45,3,0,0,0,1
607,10,315,1,0,0,0,1
607,11,225,3,0,0,0,1
607,12,315,1,0,0,0,1
607,13,0,2,0,0,0,1
607,14,270,2,0,0,0,1
607,15,135,2,0,0,1,1
607,16,315,2,0,0,0,1
607,17,90,1,0,0,0,1
607,18,135,1,0,0,0,1
607,19,225,3,0,0,0,1
607,20,180,1,0,0,0,1
607,21,270,3,0,0,0,1
607,22,225,2,0,0,14,1
607,23,315,2,1,0,0,1
607,24,270,3,3,0,0,1
607,25,135,1,0,0,3,1
607,26,135,2,0,0,0,1
607,27,315,3,0,0,0,1
607,28,0,2,10,0,0,1
607,29,0,1,0,0,0,1
607,30,90,3,0,0,0,0
607,31,45,2,0,0,0,1
607,32,315,1,0,0,0,1
607,33,270,1,0,0,0,1
607,34,90,3,0,0,0,1
607,35,45,3,0,0,0,1
607,36,180,1,1,0,0,1
607,37,180,3,0,0,0,1
607,38,315,3,0,0,0,1
607,39,45,2,0,0,0,1
607,40,315,2,0,0,0,1
607,41,180,2,0,0,0,1
607,42,225,1,0,0,0,1
607,43,0,3,0,10,0,1
607,44,180,1,0,0,0,1
607,45,270,2,0,0,0,1
607,46,225,3,0,0,8,1
607,47,0,2,0,0,0,1
607,48,0,3,0,0,0,1
607,49,225,3,0,0,0,1
607,50,90,3,0,0,0,1
607,51,135,3,0,0,0,1
607,52,135,3,0,0,0,1
607,53,180,3,0,0,0,1
607,54,0,1,0,0,0,1
607,55,45,1,0,0,0,1
607,56,225,2,0,0,0,1
607,57,90,2,0,0,0,1
607,58,180,2,0,0,0,1
607,59,135,3,0,0,7,1
607,60,90,3,0,0,0,1
607,61,45,1,0,0,0,1
607,62,90,1,0,0,0,1
607,63,225,1,1,0,0,1
607,64,90,2,0,0,0,1
607,65,90,2,0,0,0,1
607,66,270,2,2,0,0,1
607,67,180,2,0,0,0,1
607,68,90,2,0,0,0,1
607,69,270,1,0,0,0,1
607,70,270,3,0,0,0,1
607,71,135,1,0,0,11,1
607,72,315,2,0,0,0,1
607,73,180,1,0,0,0,0
607,74,0,2,3,0,0,1
607,75,135,3,0,0,0,1
607,76,45,2,3,0,0,1
607,77,270,3,0,0,0,1
607,78,45,1,0,0,0,1
607,79,270,2,0,0,0,1
607,80,315,1,0,0,0,1
607,81,225,2,0,0,0,1
607,82,270,1,0,0,0,0
607,83,0,3,2,0,0,1
607,84,0,3,0,0,0,1
607,85,315,3,0,0,0,1
607,86,135,2,0,0,0,1
607,87,180,3,0,0,0,0
607,88,225,1,0,0,12,1
607,89,45,2,0,0,0,1
607,90,0,1,4,0,0,1
607,91,90,1,0,0,0,1
607,92,45,3,0,0,0,1
607,93,90,1,1,0,0,1
607,94,135,1,0,0,7,1
607,95,180,3,0,0,1,1
607,96,45,1,1,0,0,1
609,1,315,2,0,0,3,1
609,2,45,3,2,0,0,1
609,3,225,3,0,0,7,0
609,4,225,1,0,0,3,0
609,5,45,2,0,0,0,1
609,6,315,3,0,0,0,0
609,7,225,2,4,0,0,0
609,8,0,2,0,0,0,0
609,9,135,1,0,0,1,0
609,10,90,3,0,0,0,0
609,11,135,2,0,0,3,0
609,12,0,1,16,0,0,1
609,13,135,1,0,0,7,1
609,14,135,2,0,0,2,1
609,15,225,3,0,0,0,1
609,16,315,1,0,0,0,1
609,17,270,3,0,0,0,1
609,18,315,2,1,0,0,0
609,19,45,3,0,0,0,0
609,20,270,1,0,0,0,1
609,21,270,2,0,2,2,0
609,22,315,1,0,0,0,1
609,23,315,3,0,0,0,1
609,24,225,2,0,0,6,1
609,25,135,2,0,0,0,1
609,26,180,2,0,0,0,1
609,27,270,3,3,0,0,1
609,28,315,1,0,0,0,1
609,29,180,1,0,0,0,1
609,30,0,1,0,0,0,1
609,31,90,1,0,0,0,1
609,32,0,2,0,0,0,1
609,33,180,2,0,0,0,1
609,34,45,1,0,0,0,1
609,35,270,1,0,0,0,1
609,36,90,1,0,0,0,1
609,37,90,3,0,0,0,1
609,38,225,1,0,0,0,1
609,39,315,2,0,0,0,1
609,40,270,2,0,0,2,0
609,41,135,3,0,0,1,1
609,42,135,3,0,0,0,1
609,43,0,3,9,0,0,1
609,44,45,1,0,0,0,1
609,45,0,2,0,0,0,1
609,46,90,2,0,0,0,1
609,47,180,3,0,0,0,1
609,48,90,3,0,0,0,0
609,49,90,3,0,0,2,0
609,50,225,3,0,0,0,1
609,51,90,2,0,0,0,1
609,52,45,3,0,0,4,1
609,53,180,2,0,0,4,0
609,54,45,2,1,0,0,1
609,55,180,3,0,0,14,0
609,56,225,1,0,0,6,1
609,57,135,3,0,0,0,1
609,58,180,1,0,0,0,1
609,59,180,1,0,0,0,1
609,60,315,3,0,0,0,1
609,61,225,2,0,0,0,1
609,62,0,1,0,0,0,1
609,63,0,3,0,0,0,1
609,64,225,3,2,0,0,1
609,65,270,1,5,0,0,1
609,66,315,3,0,0,0,1
609,67,225,1,0,0,0,1
609,68,270,1,3,0,0,1
609,69,270,2,0,0,0,1
609,70,45,1,5,0,0,1
609,71,180,1,0,0,0,1
609,72,180,3,2,0,0,1
609,73,315,2,1,0,0,1
609,74,225,2,0,0,0,1
609,75,45,2,0,0,0,1
609,76,315,1,0,0,0,1
609,77,180,2,0,0,0,1
609,78,90,2,0,0,0,1
609,79,0,1,0,0,0,1
609,80,135,3,0,0,0,1
609,81,90,1,0,0,0,1
609,82,45,1,0,0,0,1
609,83,180,3,1,0,0,1
609,84,0,2,0,0,0,1
609,85,90,1,0,0,0,1
609,86,135,2,0,0,0,0
609,87,270,3,0,0,0,1
609,88,0,3,0,0,0,1
609,89,0,3,0,0,0,1
609,90,90,2,0,0,0,1
609,91,45,3,0,0,0,1
609,92,270,3,0,0,0,1
609,93,45,2,0,0,0,1
609,94,270,2,0,0,0,1
609,95,135,1,0,0,0,1
609,96,135,1,0,0,0,1
610,1,225,2,2,0,0,0
610,2,135,2,0,0,27,1
610,3,225,3,0,0,0,1
610,4,315,1,0,0,0,1
610,5,315,3,0,0,0,1
610,6,90,3,0,0,0,1
610,7,315,3,0,0,0,1
610,8,0,1,0,0,0,1
610,9,315,1,0,0,0,1
610,10,270,3,0,0,0,1
610,11,0,1,0,0,0,1
610,12,225,2,0,0,0,1
610,13,135,2,0,0,0,0
610,14,180,2,0,0,0,0
610,15,135,1,0,0,0,1
610,16,315,2,0,0,0,1
610,17,180,1,0,0,0,0
610,18,135,1,0,0,0,1
610,19,270,1,0,0,0,1
610,20,0,2,0,0,0,1
610,21,270,2,0,0,0,1
610,22,0,2,2,0,0,1
610,23,90,1,0,0,0,1
610,24,225,3,0,0,0,1
610,25,45,3,0,0,0,1
610,26,135,2,0,0,0,0
610,27,45,2,0,0,0,1
610,28,270,3,0,0,0,1
610,29,45,3,0,0,0,0
610,30,315,2,0,0,0,1
610,31,225,1,0,0,0,1
610,32,315,1,0,0,0,1
610,33,225,1,0,0,0,1
610,34,90,2,0,0,0,1
610,35,0,3,0,0,0,1
610,36,180,3,0,0,0,1
610,37,315,2,0,0,0,1
610,38,0,1,9,0,0,1
610,39,0,2,0,0,0,1
610,40,90,3,2,0,0,1
610,41,135,3,0,0,0,1
610,42,135,3,0,0,12,1
610,43,180,2,0,0,0,1
610,44,270,1,0,0,0,1
610,45,90,3,2,0,0,1
610,46,45,2,1,0,0,1
610,47,225,2,5,0,0,1
610,48,225,3,0,0,0,1
610,49,0,3,0,0,0,1
610,50,270,2,2,0,0,1
610,51,225,1,1,0,4,1
610,52,45,1,0,0,0,1
610,53,45,1,0,0,0,1
610,54,90,2,1,0,0,1
610,55,180,1,7,0,0,1
610,56,180,2,0,0,0,1
610,57,135,3,1,0,0,1
610,58,180,1,0,0,0,1
610,59,90,1,0,0,0,1
610,60,180,3,0,0,0,1
610,61,90,3,0,0,0,1
610,62,45,3,0,0,0,1
610,63,315,3,0,0,0,1
610,64,225,3,0,0,0,1
610,65,180,1,0,0,0,1
610,66,315,1,0,0,0,1
610,67,270,1,0,0,0,0
610,68,0,3,0,0,0,1
610,69,0,2,0,0,0,1
610,70,180,3,0,0,0,1
610,71,90,1,0,0,0,1
610,72,225,1,0,0,6,1
610,73,270,3,0,0,0,1
610,74,90,2,0,0,0,1
610,75,45,1,0,0,0,1
610,76,315,2,0,0,0,1
610,77,0,1,0,0,0,1
610,78,270,2,0,0,0,0
610,79,45,3,0,0,0,1
610,80,270,3,0,0,0,1
610,81,45,1,0,0,0,1
610,82,45,2,0,0,0,1
610,83,45,2,0,0,0,1
610,84,135,1,0,0,0,1
610,85,135,1,5,0,0,1
610,86,180,3,0,0,0,1
610,87,180,2,0,0,0,1
610,88,0,3,0,0,0,1
610,89,315,3,0,0,0,1
610,90,90,2,0,0,0,1
610,91,135,2,0,0,0,1
610,92,90,1,0,0,0,0
610,93,270,2,0,0,0,0
610,94,270,1,0,4,0,1
610,95,135,3,0,0,11,1
610,96,225,2,0,2,0,0
611,1,315,1,0,0,0,1
611,2,315,2,0,0,0,1
611,3,225,3,0,0,0,1
611,4,45,3,0,0,0,1
611,5,45,3,0,0,0,1
611,6,180,2,0,0,0,1
611,7,90,1,0,0,0,1
611,8,270,3,0,0,0,1
611,9,135,1,0,0,0,0
611,10,225,1,0,0,0,1
611,11,270,2,0,0,0,1
611,12,135,2,0,0,0,1
611,13,180,1,4,0,0,1
611,14,90,3,3,0,0,1
611,15,135,2,1,0,10,0
611,16,315,1,1,0,0,1
611,17,135,2,1,0,0,1
611,18,315,3,0,0,0,1
611,19,225,2,0,0,1,1
611,20,225,3,0,0,0,1
611,21,45,2,0,1,0,1
611,22,315,1,1,0,0,1
611,23,225,2,1,0,1,1
611,24,315,3,0,0,0,0
611,25,135,1,0,0,1,1
611,26,0,1,0,0,0,1
611,27,0,1,1,0,0,1
611,28,270,1,0,0,0,0
611,29,315,2,2,0,0,0
611,30,0,2,5,0,0,1
611,31,0,2,4,0,0,1
611,32,270,3,1,0,0,1
611,33,0,3,3,11,0,0
611,34,225,3,3,0,0,1
611,35,90,2,5,0,0,1
611,36,225,1,3,0,0,1
611,37,45,2,0,0,0,1
611,38,180,3,0,0,0,0
611,39,135,3,0,0,4,1
611,40,45,1,3,0,0,1
611,41,225,2,1,0,0,1
611,42,315,3,2,0,0,0
611,43,0,2,2,0,0,1
611,44,135,3,0,0,1,1
611,45,315,2,0,0,0,1
611,46,90,3,0,0,0,1
611,47,225,1,0,0,0,1
611,48,90,1,0,0,0,1
611,49,90,3,0,0,0,1
611,50,270,2,0,0,0,1
611,51,180,2,0,0,0,1
611,52,270,1,0,0,0,1
611,53,180,3,0,0,0,1
611,54,180,2,0,0,0,1
611,55,90,2,0,0,0,1
611,56,225,3,0,0,0,1
611,57,0,1,0,0,0,0
611,58,135,3,0,0,0,0
611,59,45,3,0,0,0,1
611,60,180,1,3,0,0,0
611,61,45,1,3,0,0,0
611,62,90,3,4,0,2,1
611,63,180,1,3,0,0,1
611,64,0,3,1,4,0,1
611,65,45,1,0,0,0,1
611,66,270,2,0,0,0,1
611,67,0,3,0,0,0,1
611,68,135,2,0,0,1,0
611,69,225,2,0,0,0,1
611,70,270,2,0,0,0,1
611,71,180,3,2,0,0,1
611,72,180,2,0,0,0,1
611,73,180,3,0,0,0,1
611,74,90,1,1,0,0,1
611,75,90,2,1,0,0,1
611,76,0,2,0,0,0,1
611,77,0,3,0,0,0,1
611,78,90,1,0,0,0,1
611,79,270,3,0,0,0,0
611,80,270,1,0,0,0,0
611,81,45,2,0,0,0,1
611,82,315,1,0,0,0,1
611,83,315,2,0,0,0,0
611,84,45,2,0,0,0,1
611,85,270,3,0,0,0,1
611,86,45,3,0,0,0,1
611,87,135,1,0,0,0,1
611,88,135,3,0,0,0,1
611,89,90,2,0,0,0,1
611,90,270,1,0,0,0,0
611,91,180,1,0,0,0,0
611,92,225,1,1,0,1,0
611,93,135,1,0,0,0,1
611,94,0,1,2,0,0,1
611,95,315,3,0,0,0,1
611,96,45,1,0,0,0,1
612,1,225,3,0,0,11,0
612,2,315,1,18,0,9,1
612,3,225,3,5,0,8,0
612,4,90,1,0,0,1,1
612,5,225,2,0,0,14,0
612,6,135,1,0,0,0,0
612,7,135,1,0,0,1,1
612,8,315,2,0,0,0,1
612,9,90,3,10,0,0,1
612,10,180,2,3,0,0,1
612,11,45,3,0,0,0,1
612,12,0,1,34,0,0,1
612,13,135,2,0,0,13,1
612,14,270,2,0,0,0,1
612,15,315,3,2,0,0,1
612,16,0,1,0,0,0,1
612,17,225,1,0,0,0,1
612,18,45,2,0,0,0,1
612,19,0,2,0,0,0,1
612,20,270,3,0,0,0,1
612,21,270,3,0,0,0,1
612,22,180,1,0,0,0,1
612,23,315,2,0,3,0,1
612,24,0,2,8,2,0,1
612,25,315,1,0,0,4,1
612,26,315,1,0,0,0,1
612,27,135,2,2,0,0,1
612,28,45,3,0,0,1,1
612,29,315,3,0,0,0,1
612,30,270,1,1,0,1,1
612,31,135,2,0,0,4,1
612,32,225,2,0,0,0,1
612,33,45,3,5,0,0,1
612,34,180,1,0,0,0,1
612,35,45,2,0,0,0,1
612,36,90,2,0,0,0,1
612,37,90,1,0,0,0,1
612,38,0,2,0,0,0,1
612,39,0,3,6,0,0,1
612,40,180,2,0,0,0,0
612,41,45,1,0,0,0,1
612,42,270,1,0,0,0,1
612,43,90,2,0,0,0,1
612,44,135,3,0,0,1,1
612,45,180,1,0,0,0,1
612,46,225,1,0,0,1,1
612,47,90,3,0,0,0,0
612,48,90,3,1,0,0,1
612,49,225,1,3,0,0,1
612,50,180,2,0,0,0,1
612,51,45,1,1,0,0,1
612,52,315,3,0,0,0,1
612,53,180,3,0,0,0,1
612,54,90,3,0,0,0,1
612,55,135,3,0,0,3,0
612,56,315,2,0,0,0,1
612,57,0,3,5,0,0,1
612,58,135,3,0,0,0,1
612,59,0,1,0,0,0,1
612,60,225,3,1,0,0,1
612,61,225,2,2,0,4,1
612,62,180,3,9,0,0,0
612,63,225,3,3,0,0,1
612,64,270,2,0,0,0,1
612,65,45,1,0,0,0,1
612,66,0,2,0,0,0,1
612,67,180,3,0,0,0,1
612,68,315,2,1,0,0,1
612,69,180,3,0,0,0,0
612,70,180,2,0,0,0,1
612,71,45,2,0,0,0,1
612,72,270,2,1,0,0,0
612,73,0,3,0,0,0,1
612,74,180,1,0,0,0,1
612,75,135,1,0,0,1,1
612,76,135,1,2,0,2,1
612,77,90,1,0,0,0,1
612,78,225,1,0,0,0,1
612,79,225,2,0,0,0,1
612,80,135,2,0,0,0,1
612,81,0,3,10,0,0,1
612,82,135,3,0,0,2,1
612,83,0,1,0,0,0,1
612,84,270,3,2,0,0,1
612,85,315,1,10,0,3,1
612,86,270,3,0,0,0,1
612,87,90,1,0,0,0,1
612,88,90,2,1,0,0,1
612,89,45,1,0,0,0,0
612,90,45,3,0,0,0,1
612,91,270,1,0,0,3,0
612,92,315,3,1,0,0,1
612,93,270,1,0,0,0,1
612,94,45,2,9,0,0,1
612,95,90,2,2,0,0,1
612,96,270,2,1,0,0,1
613,1,315,2,3,2,1,1
613,2,315,1,0,3,0,1
613,3,225,2,0,0,0,0
613,4,315,3,0,1,0,1
613,5,45,3,2,0,6,0
613,6,0,1,1,0,1,0
613,7,225,3,0,0,0,1
613,8,135,2,0,1,0,1
613,9,135,1,2,0,0,1
613,10,45,3,1,0,0,0
613,11,315,3,0,0,0,1
613,12,0,2,0,0,0,1
613,13,315,1,0,4,0,1
613,14,225,2,0,2,0,1
613,15,180,2,0,0,0,0
613,16,90,1,0,0,0,1
613,17,0,1,0,1,0,1
613,18,270,2,0,1,0,1
613,19,315,1,1,19,0,1
613,20,270,3,1,0,0,1
613,21,270,3,0,0,1,1
613,22,135,2,0,0,2,1
613,23,0,2,2,0,0,1
613,24,270,1,0,3,0,1
613,25,90,3,0,0,0,1
613,26,135,1,0,0,0,1
613,27,45,2,0,3,0,1
613,28,225,3,0,2,0,1
613,29,225,1,0,4,1,1
613,30,180,1,0,0,0,1
613,31,135,2,0,0,3,1
613,32,315,2,0,0,0,1
613,33,180,2,0,0,0,1
613,34,90,2,0,0,1,1
613,35,135,3,0,1,13,1
613,36,90,3,0,0,0,1
613,37,225,3,0,4,1,1
613,38,0,3,0,0,0,1
613,39,0,1,0,0,0,1
613,40,0,2,0,0,0,1
613,41,225,1,0,1,0,1
613,42,180,3,0,0,0,1
613,43,90,1,0,1,0,1
613,44,270,2,0,0,1,1
613,45,225,2,2,0,0,1
613,46,135,3,0,0,0,1
613,47,225,1,0,0,0,1
613,48,90,3,3,0,0,1
613,49,180,2,2,0,0,1
613,50,180,3,0,0,0,1
613,51,90,2,0,0,6,1
613,52,270,1,0,0,0,1
613,53,180,1,0,0,0,1
613,54,45,2,0,1,0,1
613,55,315,2,0,0,0,1
613,56,45,1,0,1,0,1
613,57,45,3,0,0,6,1
613,58,45,1,0,2,0,1
613,59,225,3,0,0,1,1
613,60,180,1,0,0,0,1
613,61,0,3,0,1,0,1
613,62,135,3,0,0,4,1
613,63,90,3,0,0,2,1
613,64,315,3,0,0,0,1
613,65,135,1,0,0,1,1
613,66,180,1,0,0,0,0
613,67,45,2,0,6,0,1
613,68,315,3,0,0,0,1
613,69,270,1,0,3,0,1
613,70,0,3,0,0,0,1
613,71,315,1,0,1,0,1
613,72,270,2,0,2,0,1
613,73,45,3,0,0,12,1
613,74,0,3,0,0,0,1
613,75,225,2,0,0,0,1
613,76,45,1,0,5,0,1
613,77,45,1,0,0,0,0
613,78,180,3,0,0,0,1
613,79,180,3,0,0,0,1
613,80,270,3,0,0,0,1
613,81,90,2,0,0,1,1
613,82,135,3,0,0,10,1
613,83,225,1,3,4,3,1
613,84,90,1,0,0,0,1
613,85,0,1,0,0,0,1
613,86,315,2,2,0,0,1
613,87,0,2,0,0,0,1
613,88,135,1,1,0,6,1
613,89,45,2,0,1,0,1
613,90,180,2,0,0,0,1
613,91,90,2,0,0,1,1
613,92,90,1,0,0,0,1
613,93,270,1,0,3,0,1
613,94,270,2,0,0,0,1
613,95,270,3,1,0,0,1
613,96,135,2,0,2,14,1
615,1,135,2,0,0,2,1
615,2,315,3,0,0,0,1
615,3,270,3,0,0,2,1
615,4,225,3,3,0,0,1
615,5,315,2,0,0,0,1
615,6,0,1,0,0,0,1
615,7,315,2,0,0,0,1
615,8,90,3,0,0,0,1
615,9,180,2,0,0,0,1
615,10,225,2,0,0,0,1
615,11,315,1,0,0,0,1
615,12,135,2,0,0,0,1
615,13,270,3,0,0,0,1
615,14,225,1,0,0,0,1
615,15,90,1,0,0,0,1
615,16,0,2,4,0,0,1
615,17,315,1,0,0,0,1
615,18,315,3,2,0,0,1
615,19,135,1,3,0,0,1
615,20,45,2,0,0,0,1
615,21,135,1,0,0,0,1
615,22,315,1,0,0,0,1
615,23,180,1,0,0,0,1
615,24,225,2,0,0,2,1
615,25,270,2,0,0,0,1
615,26,225,3,1,0,0,1
615,27,45,3,2,0,0,1
615,28,270,1,0,0,0,1
615,29,0,2,0,0,0,1
615,30,0,1,0,0,0,1
615,31,135,2,0,0,0,1
615,32,45,3,0,0,0,1
615,33,270,2,1,0,0,1
615,34,135,3,0,0,0,1
615,35,0,3,0,0,0,1
615,36,90,1,2,0,0,1
615,37,45,2,0,0,0,1
615,38,0,2,3,0,0,1
615,39,180,3,1,0,0,1
615,40,90,2,0,0,0,1
615,41,45,1,0,0,0,1
615,42,180,2,0,0,0,0
615,43,180,3,0,0,0,1
615,44,180,2,4,0,0,1
615,45,135,3,1,0,1,1
615,46,225,3,0,0,1,1
615,47,225,1,0,0,0,1
615,48,135,3,1,0,4,0
615,49,225,3,0,0,1,1
615,50,270,1,6,0,0,1
615,51,90,2,0,0,0,0
615,52,315,2,0,0,0,1
615,53,90,3,0,0,0,1
615,54,90,3,0,0,0,1
615,55,180,1,0,0,0,1
615,56,90,3,0,0,0,1
615,57,315,3,0,0,0,1
615,58,225,2,2,0,2,1
615,59,0,3,0,0,0,1
615,60,45,1,0,0,0,1
615,61,225,1,0,0,0,1
615,62,0,1,0,0,0,1
615,63,180,1,0,0,0,1
615,64,45,3,0,0,0,1
615,65,135,1,0,0,0,1
615,66,225,2,0,0,0,1
615,67,270,2,0,0,0,1
615,68,45,1,0,0,0,1
615,69,315,3,2,0,0,1
615,70,270,2,0,0,0,1
615,71,0,1,0,1,0,1
615,72,270,3,0,0,0,1
615,73,135,3,0,0,0,1
615,74,0,2,0,0,0,1
615,75,135,2,0,0,0,1
615,76,0,3,0,0,0,1
615,77,225,1,0,0,0,1
615,78,270,3,0,0,0,1
615,79,180,1,0,0,0,1
615,80,45,2,0,0,0,1
615,81,135,1,0,0,0,0
615,82,270,1,0,0,0,1
615,83,90,1,0,0,0,1
615,84,180,2,0,0,0,1
615,85,45,1,0,0,0,1
615,86,45,3,0,0,0,1
615,87,180,3,0,0,0,1
615,88,45,2,0,0,0,1
615,89,315,1,4,0,0,1
615,90,180,3,0,0,0,1
615,91,90,1,0,0,0,1
615,92,90,2,2,0,0,1
615,93,0,3,0,7,0,1
615,94,315,2,0,0,0,1
615,95,270,1,0,0,0,1
615,96,90,2,0,0,0,1
115,1,45,3,0,0,0,1
115,2,135,2,0,0,0,1
115,3,180,1,0,0,0,1
115,4,0,1,0,0,0,1
115,5,315,3,0,0,0,1
115,6,315,2,0,0,0,1
115,7,225,3,0,0,0,1
115,8,315,1,0,0,0,1
115,9,315,1,0,0,0,0
115,10,0,2,0,3,0,1
115,11,0,1,9,0,0,1
115,12,0,2,0,0,0,1
115,13,270,2,0,0,0,1
115,14,135,2,0,0,0,1
115,15,270,1,0,0,0,0
115,16,135,1,0,0,0,1
115,17,135,1,0,0,0,1
115,18,270,3,21,0,0,1
115,19,315,3,0,0,0,1
115,20,225,3,0,0,0,1
115,21,90,1,0,0,0,0
115,22,135,2,0,0,0,1
115,23,225,2,0,0,0,0
115,24,315,1,45,0,0,1
115,25,225,2,1,0,0,0
115,26,315,2,0,0,0,0
115,27,45,3,0,0,0,1
115,28,45,2,0,0,0,1
115,29,180,2,0,0,0,0
115,30,270,3,0,0,0,1
115,31,90,3,0,0,0,0
115,32,225,1,0,0,0,1
115,33,0,3,0,0,0,1
115,34,180,1,0,0,0,1
115,35,0,1,1,0,0,1
115,36,225,1,0,0,0,0
115,37,180,3,0,0,0,1
115,38,225,3,0,0,0,1
115,39,315,3,0,0,0,0
115,40,45,2,0,0,0,1
115,41,90,2,16,0,0,1
115,42,135,3,0,0,0,1
115,43,270,1,13,0,0,1
115,44,315,2,46,0,0,1
115,45,90,1,2,0,0,1
115,46,180,2,0,0,0,1
115,47,90,3,0,0,0,1
115,48,270,2,0,0,0,1
115,49,135,3,0,0,0,1
115,50,180,1,0,0,0,1
115,51,225,3,0,0,0,1
115,52,90,3,0,0,0,0
115,53,90,3,0,0,0,1
115,54,90,2,0,0,0,0
115,55,45,3,16,0,0,1
115,56,45,1,0,0,0,1
115,57,180,3,0,0,0,1
115,58,45,1,0,0,0,1
115,59,0,3,16,1,0,1
115,60,0,2,7,0,0,1
115,61,135,3,0,0,0,1
115,62,180,2,23,0,0,0
115,63,225,1,3,0,0,0
115,64,225,2,0,0,0,1
115,65,90,1,0,0,0,1
115,66,270,3,0,0,0,1
115,67,90,2,0,0,0,1
115,68,45,1,0,0,0,1
115,69,45,2,0,0,0,1
115,70,270,2,26,0,0,0
115,71,0,1,1,2,0,1
115,72,135,1,0,0,1,0
115,73,270,2,0,0,0,0
115,74,270,1,43,0,0,0
115,75,45,1,15,0,0,0
115,76,315,3,3,0,0,1
115,77,45,2,0,0,0,1
115,78,45,3,0,0,0,1
115,79,180,3,17,0,0,1
115,80,135,1,22,0,0,1
115,81,90,1,3,0,0,1
115,82,270,3,43,0,0,0
115,83,90,2,0,0,0,1
115,84,315,2,19,0,0,1
115,85,180,1,0,0,0,1
115,86,315,1,14,0,0,1
115,87,0,2,13,0,0,1
115,88,0,3,27,0,2,1
115,89,135,2,0,0,0,1
115,90,225,1,0,0,0,0
115,91,180,3,0,0,2,1
115,92,135,3,0,0,0,0
115,93,270,1,0,0,0,1
115,94,180,2,0,0,0,1
115,95,0,3,0,7,0,1
115,96,225,2,0,0,0,0
116,1,135,2,0,0,0,1
116,2,225,3,0,0,0,1
116,3,0,2,11,0,0,1
116,4,270,3,0,0,0,1
116,5,45,3,0,0,0,1
116,6,315,1,0,0,0,1
116,7,270,1,0,0,0,1
116,8,315,3,0,0,0,1
116,9,45,2,0,0,0,1
116,10,45,3,0,0,0,1
116,11,135,1,0,0,0,1
116,12,315,2,0,0,0,1
116,13,270,3,0,0,0,1
116,14,90,1,0,0,0,1
116,15,225,1,0,0,0,1
116,16,225,3,0,0,0,1
116,17,135,2,0,0,0,1
116,18,0,1,19,0,0,1
116,19,135,1,0,0,0,1
116,20,315,1,0,0,0,1
116,21,315,1,0,0,0,1
116,22,0,1,0,1,0,1
116,23,180,2,0,8,3,1
116,24,180,1,0,4,1,1
116,25,135,2,0,8,0,1
116,26,270,2,0,0,0,1
116,27,225,2,0,0,0,1
116,28,315,3,0,0,0,1
116,29,225,2,0,0,0,1
116,30,0,2,0,6,1,1
116,31,315,2,0,0,0,1
116,32,90,3,0,0,0,1
116,33,315,2,0,0,0,1
116,34,45,1,0,0,0,1
116,35,225,3,0,0,0,1
116,36,180,3,0,0,0,1
116,37,90,3,0,0,0,0
116,38,270,1,7,0,0,1
116,39,180,3,0,0,0,1
116,40,90,1,21,0,0,1
116,41,90,2,0,0,0,1
116,42,270,2,0,0,0,1
116,43,135,3,0,0,0,1
116,44,315,3,0,0,0,1
116,45,180,1,18,0,0,1
116,46,90,3,0,0,0,1
116,47,90,2,0,0,0,1
116,48,0,2,0,0,0,1
116,49,180,2,0,0,0,1
116,50,135,3,0,0,0,1
116,51,135,3,0,0,0,1
116,52,45,3,0,0,0,1
116,53,225,3,0,0,0,1
116,54,225,2,0,0,0,1
116,55,180,1,0,0,0,1
116,56,180,2,0,0,0,1
116,57,0,1,0,0,0,1
116,58,225,1,0,0,0,1
116,59,45,2,0,0,0,1
116,60,0,3,0,0,0,1
116,61,90,3,0,0,0,1
116,62,45,1,0,0,0,1
116,63,0,3,0,0,0,1
116,64,225,1,0,0,0,1
116,65,270,2,0,0,0,1
116,66,180,3,0,0,0,1
116,67,0,2,0,0,0,1
116,68,135,3,0,0,0,1
116,69,225,1,0,0,0,1
116,70,315,2,0,0,0,1
116,71,45,2,0,0,0,1
116,72,135,2,0,0,0,1
116,73,0,3,0,1,0,1
116,74,90,1,0,0,0,1
116,75,0,1,0,0,0,1
116,76,90,1,0,0,0,1
116,77,180,1,0,0,0,1
116,78,315,1,0,0,0,1
116,79,180,3,0,0,0,1
116,80,270,2,0,0,0,1
116,81,225,2,0,0,0,1
116,82,270,3,0,0,0,1
116,83,45,2,0,0,0,1
116,84,45,3,0,0,0,1
116,85,270,3,0,0,0,1
116,86,180,2,0,0,0,1
116,87,90,2,0,0,0,1
116,88,135,1,0,0,0,1
116,89,45,1,0,0,0,1
116,90,135,1,0,0,0,1
116,91,90,2,0,0,0,1
116,92,45,1,0,5,0,1
116,93,0,3,0,0,0,1
116,94,315,3,0,0,0,0
116,95,270,1,0,0,0,1
116,96,270,1,0,0,0,1
118,1,0,1,0,0,0,1
118,2,315,3,0,0,0,1
118,3,315,1,0,0,0,1
118,4,135,2,2,0,0,1
118,5,135,2,0,0,0,1
118,6,0,1,0,0,0,1
118,7,225,1,4,0,0,1
118,8,225,2,0,0,0,1
118,9,45,2,2,0,0,1
118,10,315,2,0,0,0,1
118,11,45,3,0,0,0,1
118,12,225,2,0,0,0,1
118,13,45,3,0,0,0,1
118,14,270,3,2,0,0,1
118,15,270,3,0,0,0,1
118,16,315,1,19,0,0,1
118,17,225,3,0,0,0,1
118,18,135,1,0,0,0,1
118,19,270,2,0,0,0,1
118,20,225,3,0,0,0,1
118,21,180,2,0,0,0,1
118,22,90,1,0,0,0,1
118,23,315,3,0,0,0,1
118,24,0,2,11,0,0,1
118,25,135,1,0,0,0,1
118,26,180,1,0,0,0,1
118,27,135,2,0,0,0,1
118,28,90,3,1,0,0,1
118,29,0,2,0,0,0,1
118,30,315,1,1,0,0,1
118,31,315,2,0,0,0,1
118,32,270,1,0,0,0,1
118,33,225,1,0,0,0,1
118,34,270,1,0,0,0,1
118,35,180,1,0,0,0,1
118,36,225,3,1,0,0,1
118,37,180,2,5,1,1,0
118,38,0,3,0,0,0,1
118,39,225,3,0,0,0,1
118,40,135,3,1,0,0,1
118,41,45,1,9,0,0,1
118,42,45,3,0,0,0,1
118,43,90,3,0,0,0,1
118,44,0,2,5,0,0,1
118,45,180,3,1,0,0,1
118,46,225,1,1,0,0,1
118,47,315,2,0,0,0,1
118,48,180,1,0,0,0,1
118,49,90,1,5,0,0,1
118,50,90,2,0,0,0,1
118,51,90,2,0,0,0,1
118,52,45,2,0,0,0,1
118,53,90,3,0,0,0,1
118,54,135,3,1,0,0,1
118,55,0,3,6,0,0,1
118,56,45,1,0,0,0,1
118,57,225,2,0,0,0,1
118,58,270,2,1,0,0,1
118,59,180,3,6,0,0,1
118,60,315,3,0,0,0,1
118,61,135,3,0,0,0,1
118,62,0,1,2,0,0,1
118,63,90,3,0,0,0,1
118,64,180,2,0,0,0,1
118,65,315,3,2,0,0,1
118,66,180,3,0,0,0,1
118,67,45,1,4,0,0,1
118,68,270,2,0,0,0,1
118,69,225,2,0,0,0,1
118,70,270,2,0,0,0,1
118,71,0,3,0,0,0,1
118,72,45,2,0,0,0,1
118,73,90,1,0,0,0,1
118,74,270,3,0,0,0,1
118,75,270,1,0,0,0,1
118,76,270,1,0,0,0,1
118,77,315,2,0,0,0,1
118,78,135,3,0,0,0,1
118,79,0,1,0,0,0,1
118,80,90,2,0,0,0,1
118,81,0,2,0,0,0,1
118,82,90,2,0,0,0,1
118,83,135,1,0,0,0,1
118,84,45,3,1,0,0,1
118,85,135,2,0,0,0,1
118,86,315,1,0,0,0,1
118,87,180,1,4,0,0,1
118,88,0,3,0,0,0,1
118,89,225,1,0,0,0,1
118,90,45,2,0,0,0,1
118,91,270,3,0,0,0,1
118,92,45,1,0,0,0,1
118,93,90,1,2,0,0,1
118,94,180,3,0,0,0,0
118,95,180,2,7,0,0,1
118,96,135,1,0,0,0,1
119,1,225,2,0,0,0,1
119,2,270,3,0,0,0,1
119,3,225,2,0,0,0,1
119,4,315,3,0,0,0,1
119,5,225,3,0,0,0,1
119,6,315,1,0,0,0,1
119,7,180,1,0,0,1,1
119,8,135,2,0,0,0,1
119,9,135,2,1,0,0,1
119,10,45,2,0,0,0,1
119,11,90,1,0,0,0,1
119,12,315,2,0,0,0,1
119,13,315,2,0,0,0,1
119,14,135,2,0,0,0,1
119,15,270,3,0,0,0,1
119,16,180,2,0,0,0,1
119,17,0,2,0,0,0,1
119,18,0,1,0,0,0,1
119,19,315,1,0,0,0,1
119,20,225,3,0,0,0,1
119,21,225,1,0,0,0,1
119,22,90,3,0,0,0,1
119,23,270,1,0,0,0,1
119,24,135,1,0,0,0,1
119,25,135,1,0,0,0,1
119,26,0,1,0,0,0,1
119,27,270,2,0,0,0,1
119,28,45,3,0,0,0,1
119,29,315,1,0,0,0,1
119,30,0,2,0,0,0,1
119,31,315,3,0,0,0,1
119,32,45,3,0,0,0,1
119,33,315,3,0,0,0,1
119,34,135,3,0,0,0,1
119,35,0,1,0,0,0,1
119,36,90,3,0,0,0,1
119,37,0,3,0,0,0,1
119,38,135,3,0,0,0,1
119,39,0,3,0,0,0,1
119,40,270,2,0,0,0,1
119,41,225,1,0,0,0,1
119,42,45,1,0,0,0,1
119,43,180,3,0,0,0,1
119,44,180,3,0,0,0,1
119,45,45,3,0,0,0,1
119,46,90,2,0,0,0,1
119,47,90,1,0,0,0,1
119,48,225,3,0,0,0,1
119,49,225,2,0,0,0,1
119,50,225,1,0,0,0,1
119,51,270,1,0,0,0,1
119,52,180,2,0,0,0,1
119,53,0,2,0,0,0,1
119,54,315,2,0,0,0,1
119,55,90,3,0,0,0,1
119,56,180,1,0,0,0,1
119,57,45,2,0,0,0,1
119,58,90,2,0,0,0,1
119,59,45,1,0,0,0,1
119,60,90,3,0,0,0,1
119,61,135,3,0,0,0,1
119,62,180,1,0,0,0,1
119,63,225,3,0,0,0,1
119,64,180,2,0,0,0,1
119,65,135,3,0,0,0,1
119,66,225,1,0,0,0,1
119,67,45,2,0,0,0,1
119,68,225,2,0,0,0,1
119,69,180,1,0,0,0,1
119,70,135,2,0,0,0,1
119,71,135,1,0,0,0,1
119,72,270,2,0,0,0,1
119,73,270,2,0,0,0,1
119,74,270,3,0,0,0,1
119,75,180,3,0,0,0,1
119,76,90,2,0,0,0,0
119,77,135,1,0,0,0,1
119,78,270,1,0,0,0,1
119,79,90,2,0,0,0,1
119,80,270,3,0,0,0,1
119,81,180,2,0,0,0,1
119,82,90,1,0,0,0,1
119,83,315,3,0,0,0,1
119,84,45,1,0,0,0,1
119,85,315,2,0,0,0,1
119,86,0,3,0,0,0,1
119,87,0,3,0,0,0,1
119,88,270,1,0,0,0,1
119,89,45,1,0,0,0,1
119,90,0,2,0,0,0,1
119,91,45,3,0,0,0,1
119,92,90,1,0,0,0,1
119,93,45,2,0,0,0,1
119,94,0,1,0,0,0,1
119,95,315,1,0,0,0,1
119,96,180,3,0,0,0,1
617,1,315,3,0,0,0,1
617,2,180,2,0,0,0,1
617,3,90,1,0,0,0,1
617,4,45,2,0,0,0,1
617,5,90,3,0,0,0,0
617,6,225,1,0,0,0,0
617,7,135,1,0,0,0,1
617,8,180,1,0,0,0,1
617,9,0,2,0,0,0,1
617,10,225,2,0,0,0,1
617,11,135,2,0,0,0,1
617,12,315,1,0,0,0,1
617,13,315,3,0,0,0,1
617,14,270,1,0,0,0,1
617,15,0,1,0,0,0,1
617,16,225,2,0,0,0,0
617,17,270,3,0,0,0,1
617,18,270,3,0,0,0,1
617,19,45,3,0,0,0,1
617,20,270,2,0,0,0,0
617,21,0,2,0,0,0,1
617,22,315,2,0,0,0,1
617,23,225,3,0,0,0,0
617,24,135,1,0,0,0,1
617,25,135,2,0,0,0,0
617,26,225,3,0,0,0,0
617,27,0,1,0,0,0,1
617,28,315,1,0,0,0,1
617,29,135,2,0,0,0,0
617,30,45,3,0,0,0,1
617,31,315,2,0,0,0,1
617,32,315,1,0,0,0,1
617,33,225,3,0,0,0,0
617,34,225,1,0,0,0,0
617,35,135,3,0,0,0,0
617,36,180,3,0,0,0,0
617,37,45,1,0,0,0,1
617,38,180,3,0,0,0,0
617,39,180,2,0,0,0,1
617,40,225,2,0,0,0,0
617,41,90,1,0,0,0,1
617,42,180,2,0,0,0,0
617,43,45,2,0,0,0,1
617,44,90,3,0,0,0,1
617,45,90,2,0,0,0,0
617,46,315,3,0,0,0,1
617,47,90,3,0,0,0,0
617,48,315,2,0,0,0,0
617,49,270,1,0,0,0,1
617,50,270,2,0,0,0,1
617,51,90,2,0,0,0,0
617,52,0,3,0,0,0,1
617,53,135,3,0,0,0,0
617,54,180,1,0,0,0,1
617,55,45,1,0,0,0,1
617,56,0,2,0,0,0,1
617,57,0,3,0,0,0,1
617,58,225,1,0,0,0,1
617,59,225,3,0,0,0,1
617,60,0,1,0,0,0,1
617,61,90,3,0,0,0,1
617,62,135,3,0,0,0,0
617,63,180,1,0,0,0,0
617,64,45,3,0,0,0,1
617,65,90,1,0,0,0,0
617,66,45,2,0,0,0,1
617,67,45,1,0,0,0,1
617,68,90,2,0,0,0,1
617,69,45,3,0,0,0,1
617,70,225,1,0,0,0,1
617,71,90,2,0,0,0,0
617,72,225,2,0,0,0,0
617,73,0,1,0,0,0,1
617,74,135,1,0,0,0,0
617,75,180,2,0,0,0,0
617,76,270,3,0,0,0,1
617,77,315,2,0,0,0,1
617,78,135,2,0,0,0,1
617,79,0,3,0,0,0,1
617,80,270,2,0,0,0,1
617,81,90,1,0,0,0,1
617,82,180,3,0,0,0,0
617,83,135,1,0,0,0,0
617,84,180,3,0,0,0,0
617,85,45,2,0,0,0,1
617,86,270,1,0,0,0,1
617,87,45,1,0,0,0,1
617,88,0,2,0,0,0,1
617,89,0,3,0,0,0,1
617,90,315,1,0,0,0,1
617,91,180,1,0,0,0,0
617,92,270,1,0,0,0,1
617,93,135,3,0,0,0,0
617,94,270,2,0,0,0,1
617,95,315,3,0,0,0,1
617,96,270,3,0,0,0,0
618,1,270,3,13,0,0,1
618,2,180,1,7,0,7,0
618,3,135,2,0,0,1,0
618,4,315,2,7,0,0,1
618,5,315,3,7,0,0,0
618,6,270,1,0,0,0,1
618,7,225,2,0,4,0,0
618,8,45,3,0,0,0,1
618,9,225,2,0,0,0,0
618,10,225,3,0,0,1,0
618,11,0,2,5,0,0,1
618,12,0,1,3,0,0,1
618,13,90,1,0,0,0,1
618,14,225,3,17,0,0,1
618,15,45,3,18,0,0,1
618,16,0,2,3,0,0,1
618,17,315,1,0,0,0,1
618,18,0,1,2,0,0,1
618,19,225,1,8,0,3,0
618,20,270,2,20,0,0,1
618,21,315,2,0,0,0,1
618,22,135,2,0,0,0,1
618,23,315,3,21,0,0,1
618,24,315,1,0,0,0,1
618,25,270,3,0,0,0,1
618,26,45,2,8,0,0,1
618,27,90,3,0,0,0,0
618,28,180,2,0,0,0,0
618,29,135,1,7,0,1,1
618,30,135,1,6,0,0,0
618,31,135,2,0,0,0,1
618,32,315,1,15,0,0,1
618,33,0,2,3,0,0,1
618,34,90,3,0,0,0,1
618,35,90,3,0,0,0,1
618,36,225,3,19,0,2,0
618,37,90,2,0,0,0,1
618,38,315,3,9,0,0,1
618,39,180,1,2,0,13,0
618,40,45,3,7,0,0,1
618,41,90,1,0,0,0,1
618,42,225,3,0,0,0,0
618,43,135,3,0,0,0,1
618,44,225,1,0,0,0,1
618,45,0,3,3,0,0,1
618,46,270,2,0,0,1,1
618,47,135,3,3,0,0,1
618,48,90,3,6,0,0,1
618,49,270,1,0,0,0,1
618,50,225,2,0,0,4,1
618,51,45,2,0,0,0,1
618,52,0,1,0,1,0,1
618,53,45,1,0,0,0,1
618,54,180,2,0,0,13,0
618,55,90,2,0,0,0,1
618,56,180,3,0,0,7,0
618,57,135,3,0,1,0,1
618,58,315,2,4,0,0,1
618,59,225,1,0,0,0,0
618,60,180,2,0,0,0,1
618,61,180,3,19,0,0,0
618,62,180,1,6,0,6,1
618,63,0,3,0,0,0,1
618,64,45,1,0,0,0,1
618,65,315,3,5,0,0,1
618,66,0,2,2,0,0,1
618,67,270,3,0,0,0,1
618,68,90,1,13,0,0,0
618,69,90,2,0,0,0,1
618,70,45,2,0,0,0,1
618,71,270,2,0,0,0,0
618,72,135,1,0,0,0,0
618,73,90,2,7,0,0,0
618,74,90,1,0,0,0,1
618,75,135,1,0,0,0,1
618,76,225,1,8,0,0,1
618,77,270,1,18,0,0,0
618,78,135,3,29,0,0,1
618,79,180,3,0,0,0,0
618,80,180,1,11,0,0,1
618,81,270,3,0,0,0,1
618,82,225,2,18,0,0,1
618,83,270,1,0,0,0,0
618,84,315,2,6,0,0,1
618,85,180,3,14,4,10,0
618,86,45,3,6,0,0,1
618,87,315,1,0,0,0,1
618,88,0,1,1,0,0,0
618,89,135,2,0,0,5,1
618,90,180,2,0,0,0,0
618,91,45,1,0,0,0,0
618,92,0,3,2,0,0,0
618,93,0,3,0,3,0,1
618,94,45,2,0,0,0,1
618,95,45,1,0,0,0,1
618,96,270,2,0,0,0,0
619,1,0,1,0,0,0,1
619,2,315,1,0,0,0,1
619,3,45,2,0,0,0,1
619,4,315,1,7,0,0,1
619,5,0,1,0,0,0,1
619,6,225,2,0,0,0,1
619,7,270,3,0,0,0,1
619,8,135,1,1,0,0,1
619,9,225,2,15,0,0,1
619,10,315,3,0,0,0,1
619,11,270,1,22,0,0,1
619,12,315,2,13,0,0,1
619,13,315,1,0,0,0,1
619,14,270,2,0,0,0,1
619,15,0,2,0,0,0,1
619,16,45,3,0,0,1,1
619,17,135,2,0,0,0,0
619,18,0,2,3,0,0,1
619,19,225,1,0,0,0,1
619,20,90,1,0,0,0,1
619,21,225,3,0,0,0,0
619,22,315,3,4,0,0,1
619,23,45,3,0,0,0,1
619,24,270,3,25,0,0,1
619,25,225,3,12,0,0,1
619,26,90,3,15,0,0,1
619,27,135,1,0,0,0,1
619,28,180,2,2,0,0,0
619,29,180,1,0,0,0,1
619,30,315,2,0,0,0,1
619,31,135,2,0,0,0,1
619,32,135,2,2,0,0,1
619,33,270,2,0,0,0,0
619,34,0,3,2,9,0,1
619,35,135,3,5,1,0,1
619,36,180,1,0,0,0,0
619,37,90,3,0,0,0,1
619,38,225,2,0,0,0,1
619,39,180,2,0,0,1,0
619,40,225,3,0,0,0,1
619,41,135,3,0,0,0,1
619,42,45,1,0,0,0,1
619,43,180,3,0,0,0,0
619,44,90,3,6,0,2,1
619,45,225,1,21,0,0,0
619,46,90,3,0,0,0,1
619,47,90,2,0,0,0,1
619,48,0,3,8,0,0,1
619,49,45,2,0,0,0,1
619,50,270,1,31,0,0,1
619,51,45,3,41,0,0,0
619,52,315,2,0,0,0,1
619,53,90,1,0,0,0,1
619,54,180,1,0,0,4,0
619,55,225,1,0,0,0,0
619,56,180,2,0,0,0,0
619,57,225,3,8,0,0,1
619,58,180,3,0,0,0,0
619,59,90,2,0,0,0,0
619,60,0,2,0,0,0,1
619,61,315,3,0,0,0,1
619,62,45,1,20,0,0,1
619,63,135,3,0,0,0,1
619,64,0,1,0,19,0,1
619,65,180,1,0,0,1,1
619,66,270,3,4,0,0,1
619,67,135,3,15,0,0,1
619,68,225,2,0,0,0,1
619,69,180,3,7,0,0,0
619,70,180,2,13,0,0,0
619,71,180,3,8,0,0,1
619,72,270,1,0,0,0,1
619,73,0,3,0,4,0,1
619,74,90,2,16,0,0,1
619,75,270,3,0,0,0,0
619,76,315,1,0,0,0,1
619,77,135,1,0,0,0,1
619,78,270,2,8,0,0,1
619,79,45,1,0,0,0,1
619,80,0,1,11,7,1,1
619,81,0,2,1,0,0,1
619,82,225,1,0,0,0,0
619,83,90,1,0,0,0,0
619,84,315,2,0,0,0,1
619,85,0,3,8,0,0,1
619,86,90,2,8,0,0,1
619,87,45,3,0,0,0,1
619,88,270,2,30,0,0,1
619,89,45,2,0,0,0,1
619,90,315,3,0,0,0,1
619,91,90,1,0,0,0,0
619,92,135,2,0,0,0,1
619,93,135,1,1,0,0,0
619,94,45,1,0,0,0,1
619,95,270,1,0,0,0,1
619,96,45,2,0,0,0,1
111,1,135,2,14,4,0,0
111,2,45,2,0,0,0,1
111,3,270,1,10,0,0,1
111,4,135,1,0,0,1,1
111,5,315,3,0,1,0,1
111,6,225,1,0,0,0,1
111,7,315,3,0,0,2,1
111,8,45,3,9,0,0,1
111,9,0,2,0,1,0,1
111,10,225,2,0,0,5,1
111,11,45,3,0,0,0,1
111,12,225,3,6,0,4,1
111,13,0,2,0,0,0,1
111,14,315,1,12,0,0,0
111,15,135,1,15,0,0,1
111,16,315,1,0,0,0,1
111,17,90,3,0,0,0,1
111,18,135,2,6,0,0,1
111,19,180,2,0,0,0,1
111,20,315,2,8,0,0,1
111,21,0,1,0,0,0,1
111,22,270,3,0,0,0,1
111,23,135,2,0,0,0,1
111,24,90,1,0,0,0,1
111,25,315,2,2,0,0,1
111,26,0,1,0,1,0,1
111,27,270,3,0,0,0,1
111,28,225,2,0,0,0,1
111,29,225,3,0,0,0,1
111,30,315,1,0,0,0,1
111,31,270,2,0,0,0,1
111,32,180,1,0,0,0,1
111,33,90,3,0,0,0,1
111,34,225,1,0,0,0,1
111,35,270,2,0,0,0,1
111,36,135,3,0,0,0,1
111,37,180,3,0,0,0,1
111,38,225,2,0,0,0,1
111,39,0,1,0,0,0,1
111,40,135,3,0,0,0,1
111,41,90,3,0,0,0,1
111,42,0,3,0,0,0,1
111,43,180,2,0,0,0,1
111,44,90,1,0,0,0,1
111,45,90,3,0,0,0,1
111,46,270,1,8,0,0,1
111,47,180,1,0,0,0,1
111,48,45,1,0,0,0,1
111,49,180,3,6,0,0,1
111,50,0,2,6,2,0,1
111,51,315,2,1,0,0,1
111,52,180,2,0,0,0,1
111,53,45,3,0,0,0,1
111,54,90,2,0,0,0,1
111,55,45,1,0,0,0,1
111,56,180,1,0,0,0,1
111,57,225,1,0,0,0,1
111,58,90,2,0,0,0,1
111,59,225,3,0,0,0,0
111,60,225,3,0,0,0,1
111,61,315,3,1,0,0,1
111,62,45,2,0,0,0,1
111,63,135,3,0,0,0,1
111,64,0,3,0,0,0,1
111,65,315,1,0,0,0,1
111,66,225,2,17,0,0,1
111,67,0,3,0,1,0,1
111,68,270,3,0,0,0,1
111,69,270,2,0,0,0,1
111,70,135,1,0,0,0,1
111,71,45,1,0,0,0,1
111,72,315,3,0,0,0,1
111,73,180,3,4,0,0,0
111,74,90,1,0,0,0,1
111,75,45,1,0,0,0,1
111,76,135,2,0,0,0,1
111,77,270,1,0,0,0,1
111,78,90,2,0,0,0,1
111,79,90,2,0,0,0,1
111,80,135,3,0,0,0,0
111,81,315,2,0,0,0,1
111,82,135,1,0,0,0,1
111,83,270,1,10,0,0,1
111,84,0,3,0,4,0,1
111,85,270,2,0,0,0,0
111,86,180,2,0,0,4,1
111,87,90,1,0,0,0,1
111,88,0,2,12,0,0,1
111,89,225,1,0,0,0,1
111,90,180,3,0,0,5,1
111,91,45,3,0,0,0,1
111,92,45,2,0,0,0,1
111,93,0,1,0,0,0,1
111,94,180,1,0,0,0,1
111,95,270,3,0,0,0,1
111,96,45,2,-999,-999,-999,1
109,1,225,1,0,0,0,1
109,2,180,1,0,0,0,1
109,3,315,1,0,0,0,1
109,4,45,2,0,0,0,1
109,5,0,2,0,0,0,1
109,6,270,3,0,0,2,1
109,7,135,1,0,0,1,1
109,8,315,1,3,0,0,0
109,9,270,3,0,0,0,1
109,10,315,3,0,0,0,1
109,11,135,1,0,0,5,1
109,12,135,2,0,1,2,1
109,13,45,3,7,0,0,1
109,14,315,2,6,0,0,1
109,15,135,2,0,2,0,1
109,16,315,1,14,0,0,1
109,17,0,1,0,18,0,1
109,18,225,3,0,0,0,1
109,19,90,3,1,0,0,1
109,20,0,1,0,0,0,1
109,21,225,2,0,0,0,1
109,22,180,2,0,0,0,1
109,23,270,2,0,0,0,1
109,24,315,3,0,0,0,1
109,25,225,3,0,0,0,1
109,26,225,2,0,0,0,1
109,27,315,2,0,0,0,1
109,28,270,1,0,0,0,1
109,29,45,3,0,0,0,1
109,30,90,1,0,0,0,1
109,31,0,2,0,0,0,1
109,32,135,2,0,0,0,1
109,33,90,3,0,0,0,1
109,34,315,2,0,0,0,1
109,35,180,1,0,0,0,1
109,36,225,2,0,0,0,1
109,37,270,1,0,3,1,1
109,38,0,1,0,0,0,1
109,39,0,3,0,0,0,1
109,40,225,3,0,0,0,1
109,41,315,3,0,0,0,1
109,42,90,2,0,0,0,1
109,43,225,1,0,0,0,1
109,44,180,1,0,0,0,1
109,45,180,3,0,0,0,1
109,46,45,1,0,0,0,1
109,47,90,1,0,0,0,1
109,48,90,3,0,0,0,1
109,49,135,3,0,0,11,1
109,50,45,3,0,0,0,1
109,51,180,2,0,0,0,1
109,52,45,2,0,0,0,1
109,53,0,2,7,0,0,0
109,54,180,3,0,0,0,1
109,55,135,3,0,0,0,1
109,56,225,3,0,0,0,1
109,57,180,2,0,0,0,1
109,58,45,1,0,0,0,1
109,59,225,1,0,0,0,1
109,60,135,3,0,0,7,1
109,61,90,3,0,0,0,1
109,62,0,3,0,0,0,1
109,63,90,2,0,0,0,1
109,64,270,2,0,0,0,1
109,65,270,3,0,0,0,1
109,66,45,3,0,0,0,1
109,67,0,2,0,0,0,1
109,68,45,2,0,0,0,1
109,69,180,3,0,0,0,1
109,70,135,3,0,0,5,1
109,71,45,1,0,0,0,1
109,72,180,3,0,0,0,1
109,73,270,1,0,0,0,1
109,74,315,1,0,0,0,1
109,75,135,1,0,0,3,1
109,76,90,2,0,0,2,1
109,77,0,3,0,0,0,1
109,78,270,1,0,0,0,1
109,79,135,2,0,0,7,1
109,80,90,1,0,0,0,1
109,81,315,2,0,0,0,1
109,82,180,1,0,0,0,1
109,83,180,2,0,3,0,1
109,84,270,3,0,0,0,1
109,85,90,1,0,0,0,1
109,86,135,1,0,0,16,1
109,87,315,3,0,0,0,1
109,88,270,2,0,0,0,1
109,89,225,1,0,1,0,1
109,90,225,2,0,3,0,1
109,91,0,3,0,0,0,1
109,92,270,2,0,0,0,1
109,93,45,1,0,0,0,1
109,94,45,2,0,0,0,1
109,95,90,2,0,0,0,1
109,96,0,1,0,0,0,0